Periodo,Total,CP,Municipio
2022,12697,08001,ABRERA
2021,12620,08001,ABRERA
2020,12538,08001,ABRERA
2022,287,08002,AGUILAR DE SEGARRA
2021,286,08002,AGUILAR DE SEGARRA
2020,282,08002,AGUILAR DE SEGARRA
2022,2552,08014,AIGUAFREDA
2021,2556,08014,AIGUAFREDA
2020,2512,08014,AIGUAFREDA
2022,10079,08003,ALELLA
2021,9954,08003,ALELLA
2020,9904,08003,ALELLA
2022,281,08004,ALPENS
2021,269,08004,ALPENS
2020,261,08004,ALPENS
2022,9020,08005,AMETLLA DEL VALLÈS, L'
2021,8787,08005,AMETLLA DEL VALLÈS, L'
2020,8646,08005,AMETLLA DEL VALLÈS, L'
2022,16155,08006,ARENYS DE MAR
2021,15942,08006,ARENYS DE MAR
2020,15941,08006,ARENYS DE MAR
2022,9278,08007,ARENYS DE MUNT
2021,9191,08007,ARENYS DE MUNT
2020,9121,08007,ARENYS DE MUNT
2022,216,08008,ARGENÇOLA
2021,220,08008,ARGENÇOLA
2020,219,08008,ARGENÇOLA
2022,12745,08009,ARGENTONA
2021,12629,08009,ARGENTONA
2020,12536,08009,ARGENTONA
2022,5902,08010,ARTÉS
2021,5782,08010,ARTÉS
2020,5762,08010,ARTÉS
2022,2237,08011,AVIÀ
2021,2199,08011,AVIÀ
2020,2220,08011,AVIÀ
2022,2270,08012,AVINYÓ
2021,2286,08012,AVINYÓ
2020,2289,08012,AVINYÓ
2022,1706,08013,AVINYONET DEL PENEDÈS
2021,1701,08013,AVINYONET DEL PENEDÈS
2020,1697,08013,AVINYONET DEL PENEDÈS
2022,223506,08015,BADALONA
2021,223006,08015,BADALONA
2020,223166,08015,BADALONA
2022,13163,08904,BADÍA DEL VALLÈS
2021,13228,08904,BADÍA DEL VALLÈS
2020,13415,08904,BADÍA DEL VALLÈS
2022,2167,08016,BAGÀ
2021,2145,08016,BAGÀ
2020,2140,08016,BAGÀ
2022,3948,08017,BALENYÀ
2021,3900,08017,BALENYÀ
2020,3840,08017,BALENYÀ
2022,3249,08018,BALSARENY
2021,3278,08018,BALSARENY
2020,3192,08018,BALSARENY
2022,33082,08252,BARBERÀ DEL VALLÈS
2021,33016,08252,BARBERÀ DEL VALLÈS
2020,33334,08252,BARBERÀ DEL VALLÈS
2022,1636193,08019,BARCELONA
2021,1636732,08019,BARCELONA
2020,1664182,08019,BARCELONA
2022,7450,08020,BEGUES
2021,7356,08020,BEGUES
2020,7300,08020,BEGUES
2022,74,08021,BELLPRAT
2021,73,08021,BELLPRAT
2020,64,08021,BELLPRAT
2022,16762,08022,BERGA
2021,16682,08022,BERGA
2020,16760,08022,BERGA
2022,9757,08023,BIGUES I RIELLS DEL FAI
2021,9542,08023,BIGUES I RIELLS DEL FAI
2020,9358,08023,BIGUES I RIELLS DEL FAI
2022,448,08024,BORREDÀ
2021,455,08024,BORREDÀ
2020,464,08024,BORREDÀ
2022,2218,08025,EL BRUC
2021,2177,08025,EL BRUC
2020,2110,08025,EL BRUC
2022,278,08026,BRULL, EL
2021,275,08026,BRULL, EL
2020,258,08026,BRULL, EL
2022,999,08027,CABANYES, LES
2021,1005,08027,CABANYES, LES
2020,979,08027,CABANYES, LES
2022,1606,08028,CABRERA D'ANOIA
2021,1521,08028,CABRERA D'ANOIA
2020,1482,08028,CABRERA D'ANOIA
2022,4848,08029,CABRERA DE MAR
2021,4787,08029,CABRERA DE MAR
2020,4747,08029,CABRERA DE MAR
2022,7729,08030,CABRILS
2021,7567,08030,CABRILS
2020,7432,08030,CABRILS
2022,3590,08031,CALAF
2021,3597,08031,CALAF
2020,3656,08031,CALAF
2022,1101,08034,CALDERS
2021,1063,08034,CALDERS
2020,1045,08034,CALDERS
2022,17932,08033,CALDES DE MONTBUI
2021,17797,08033,CALDES DE MONTBUI
2020,17812,08033,CALDES DE MONTBUI
2022,3148,08032,CALDES D'ESTRAC
2021,3097,08032,CALDES D'ESTRAC
2020,3021,08032,CALDES D'ESTRAC
2022,19363,08035,CALELLA
2021,19236,08035,CALELLA
2020,19277,08035,CALELLA
2022,2532,08037,CALLDETENES
2021,2504,08037,CALLDETENES
2020,2513,08037,CALLDETENES
2022,2122,08038,CALLÚS
2021,2098,08038,CALLÚS
2020,2129,08038,CALLÚS
2022,195,08036,CALOGNE DE SEGARRA
2021,194,08036,CALOGNE DE SEGARRA
2020,188,08036,CALOGNE DE SEGARRA
2022,557,08039,CAMPINS
2021,540,08039,CAMPINS
2020,541,08039,CAMPINS
2022,14845,08040,CANET DE MAR
2021,14810,08040,CANET DE MAR
2020,14865,08040,CANET DE MAR
2022,16761,08041,CANOVELLES
2021,16872,08041,CANOVELLES
2020,16829,08041,CANOVELLES
2022,3289,08042,CÀNOVES I SAMALÚS
2021,3219,08042,CÀNOVES I SAMALÚS
2020,3156,08042,CÀNOVES I SAMALÚS
2022,5007,08043,CANYELLES
2021,4886,08043,CANYELLES
2020,4699,08043,CANYELLES
2022,5344,08044,CAPELLADES
2021,5314,08044,CAPELLADES
2020,5342,08044,CAPELLADES
2022,89,08045,CAPOLAT
2021,84,08045,CAPOLAT
2020,84,08045,CAPOLAT
2022,18785,08046,CARDEDEU
2021,18609,08046,CARDEDEU
2020,18424,08046,CARDEDEU
2022,4575,08047,CARDONA
2021,4593,08047,CARDONA
2020,4639,08047,CARDONA
2022,754,08048,CARME
2021,768,08048,CARME
2020,785,08048,CARME
2022,1646,08049,CASSERRES
2021,1636,08049,CASSERRES
2020,1588,08049,CASSERRES
2022,69,08057,CASTELL DE L'ARENY
2021,72,08057,CASTELL DE L'ARENY
2020,67,08057,CASTELL DE L'ARENY
2022,176,08052,CASTELLAR DE N'HUG
2021,167,08052,CASTELLAR DE N'HUG
2020,156,08052,CASTELLAR DE N'HUG
2022,175,08050,CASTELLAR DEL RIU
2021,171,08050,CASTELLAR DEL RIU
2020,176,08050,CASTELLAR DEL RIU
2022,24933,08051,CASTELLAR DEL VALLÈS
2021,24659,08051,CASTELLAR DEL VALLÈS
2020,24488,08051,CASTELLAR DEL VALLÈS
2022,3889,08053,CASTELLBELL I EL VILAR
2021,3853,08053,CASTELLBELL I EL VILAR
2020,3719,08053,CASTELLBELL I EL VILAR
2022,12735,08054,CASTELLBISBAL
2021,12610,08054,CASTELLBISBAL
2020,12539,08054,CASTELLBISBAL
2022,778,08055,CASTELLCIR
2021,753,08055,CASTELLCIR
2020,742,08055,CASTELLCIR
2022,67307,08056,CASTELLDEFELS
2021,67226,08056,CASTELLDEFELS
2020,67460,08056,CASTELLDEFELS
2022,2474,08058,CASTELLET I LA GORNAL
2021,2452,08058,CASTELLET I LA GORNAL
2020,2382,08058,CASTELLET I LA GORNAL
2022,159,08060,CASTELLFOLLIT DE RIUBREGÓS
2021,163,08060,CASTELLFOLLIT DE RIUBREGÓS
2020,162,08060,CASTELLFOLLIT DE RIUBREGÓS
2022,460,08059,CASTELLFOLLIT DEL BOIX
2021,448,08059,CASTELLFOLLIT DEL BOIX
2020,447,08059,CASTELLFOLLIT DEL BOIX
2022,2236,08061,CASTELLGALÍ
2021,2179,08061,CASTELLGALÍ
2020,2119,08061,CASTELLGALÍ
2022,1431,08062,CASTELLNOU DE BAGES
2021,1420,08062,CASTELLNOU DE BAGES
2020,1437,08062,CASTELLNOU DE BAGES
2022,636,08063,CASTELLOLÍ
2021,653,08063,CASTELLOLÍ
2020,626,08063,CASTELLOLÍ
2022,2655,08064,CASTELLTERÇOL
2021,2632,08064,CASTELLTERÇOL
2020,2548,08064,CASTELLTERÇOL
2022,1614,08065,CASTELLVÍ DE LA MARCA
2021,1597,08065,CASTELLVÍ DE LA MARCA
2020,1575,08065,CASTELLVÍ DE LA MARCA
2022,2096,08066,CASTELLVÍ DE ROSANES
2021,1996,08066,CASTELLVÍ DE ROSANES
2020,1933,08066,CASTELLVÍ DE ROSANES
2022,7641,08067,CENTELLES
2021,7595,08067,CENTELLES
2020,7513,08067,CENTELLES
2022,1169,08268,CERCS
2021,1190,08268,CERCS
2020,1150,08268,CERCS
2022,57291,08266,CERDANYOLA DEL VALLÈS
2021,57217,08266,CERDANYOLA DEL VALLÈS
2020,57855,08266,CERDANYOLA DEL VALLÈS
2022,9307,08068,CERVELLÓ
2021,9233,08068,CERVELLÓ
2020,9077,08068,CERVELLÓ
2022,4726,08069,COLLBATÓ
2021,4655,08069,COLLBATÓ
2020,4544,08069,COLLBATÓ
2022,398,08070,COLLSUSPINA
2021,387,08070,COLLSUSPINA
2020,359,08070,COLLSUSPINA
2022,333,08071,COPONS
2021,322,08071,COPONS
2020,321,08071,COPONS
2022,15210,08072,CORBERA DE LLOBREGAT
2021,15017,08072,CORBERA DE LLOBREGAT
2020,14882,08072,CORBERA DE LLOBREGAT
2022,89039,08073,CORNELLÀ DE LLOBREGAT
2021,89300,08073,CORNELLÀ DE LLOBREGAT
2020,89936,08073,CORNELLÀ DE LLOBREGAT
2022,16386,08074,CUBELLES
2021,16051,08074,CUBELLES
2020,15770,08074,CUBELLES
2022,5710,08075,DOSRIUS
2021,5685,08075,DOSRIUS
2020,5652,08075,DOSRIUS
2022,22365,08076,ESPARREGUERA
2021,22358,08076,ESPARREGUERA
2020,22302,08076,ESPARREGUERA
2022,46414,08077,ESPLUGUES DE LLOBREGAT
2021,46777,08077,ESPLUGUES DE LLOBREGAT
2020,47150,08077,ESPLUGUES DE LLOBREGAT
2022,265,08078,ESPUNYOLA, L'
2021,258,08078,ESPUNYOLA, L'
2020,242,08078,ESPUNYOLA, L'
2022,2245,08254,ESQUIROL, L'
2021,2198,08254,ESQUIROL, L'
2020,2186,08254,ESQUIROL, L'
2022,391,08079,ESTANY, L'
2021,408,08079,ESTANY, L'
2020,408,08079,ESTANY, L'
2022,1108,08134,FIGARÓ-MONTMANY
2021,1127,08134,FIGARÓ-MONTMANY
2020,1142,08134,FIGARÓ-MONTMANY
2022,45,08080,FÍGOLS
2021,46,08080,FÍGOLS
2020,43,08080,FÍGOLS
2022,1564,08082,FOGARS DE LA SELVA
2021,1540,08082,FOGARS DE LA SELVA
2020,1469,08082,FOGARS DE LA SELVA
2022,493,08081,FOGARS DE MONTCLÚS
2021,467,08081,FOGARS DE MONTCLÚS
2020,475,08081,FOGARS DE MONTCLÚS
2022,2254,08083,FOLGUEROLES
2021,2269,08083,FOLGUEROLES
2020,2265,08083,FOLGUEROLES
2022,1546,08084,FONOLLOSA
2021,1495,08084,FONOLLOSA
2020,1459,08084,FONOLLOSA
2022,1446,08085,FONT-RUBÍ
2021,1440,08085,FONT-RUBÍ
2020,1414,08085,FONT-RUBÍ
2022,20322,08086,LES FRANQUESES DEL VALLÈS
2021,20351,08086,LES FRANQUESES DEL VALLÈS
2020,20364,08086,LES FRANQUESES DEL VALLÈS
2022,179,08090,GAIÀ
2021,189,08090,GAIÀ
2020,183,08090,GAIÀ
2022,186,08087,GALLIFA
2021,183,08087,GALLIFA
2020,167,08087,GALLIFA
2022,16788,08088,GARRIGA, LA
2021,16733,08088,GARRIGA, LA
2020,16668,08088,GARRIGA, LA
2022,46974,08089,GAVÁ
2021,46931,08089,GAVÁ
2020,47057,08089,GAVÁ
2022,7814,08091,GELIDA
2021,7723,08091,GELIDA
2020,7670,08091,GELIDA
2022,4940,08092,GIRONELLA
2021,4916,08092,GIRONELLA
2020,4946,08092,GIRONELLA
2022,28,08093,GISCLARENY
2021,27,08093,GISCLARENY
2020,26,08093,GISCLARENY
2022,2207,08094,LA GRANADA
2021,2207,08094,LA GRANADA
2020,2208,08094,LA GRANADA
2022,80,08095,GRANERA
2021,85,08095,GRANERA
2020,77,08095,GRANERA
2022,61983,08096,GRANOLLERS
2021,62475,08096,GRANOLLERS
2020,62419,08096,GRANOLLERS
2022,1610,08097,GUALBA
2021,1585,08097,GUALBA
2020,1548,08097,GUALBA
2022,918,08099,GUARDIOLA DE BERGUEDÀ
2021,929,08099,GUARDIOLA DE BERGUEDÀ
2020,941,08099,GUARDIOLA DE BERGUEDÀ
2022,2702,08100,GURB
2021,2705,08100,GURB
2020,2713,08100,GURB
2022,265444,08101,L'HOSPITALET DE LLOBREGAT
2021,264657,08101,L'HOSPITALET DE LLOBREGAT
2020,269382,08101,L'HOSPITALET DE LLOBREGAT
2022,3127,08162,HOSTALETS DE PIEROLA, ELS
2021,3064,08162,HOSTALETS DE PIEROLA, ELS
2020,2980,08162,HOSTALETS DE PIEROLA, ELS
2022,40767,08102,IGUALADA
2021,40875,08102,IGUALADA
2020,40742,08102,IGUALADA
2022,806,08103,JORBA
2021,825,08103,JORBA
2020,833,08103,JORBA
2022,942,08104,LLACUNA, LA
2021,917,08104,LLACUNA, LA
2020,903,08104,LLACUNA, LA
2022,13155,08105,LA LLAGOSTA
2021,13259,08105,LA LLAGOSTA
2020,13587,08105,LA LLAGOSTA
2022,15801,08107,LLIÇÀ D'AMUNT
2021,15673,08107,LLIÇÀ D'AMUNT
2020,15469,08107,LLIÇÀ D'AMUNT
2022,6760,08108,LLIÇÀ DEL VALL
2021,6580,08108,LLIÇÀ DEL VALL
2020,6497,08108,LLIÇÀ DEL VALL
2022,10205,08106,LLINARS DEL VALLÈS
2021,10116,08106,LLINARS DEL VALLÈS
2020,10018,08106,LLINARS DEL VALLÈS
2022,279,08109,LLUÇÀ
2021,271,08109,LLUÇÀ
2020,276,08109,LLUÇÀ
2022,19093,08110,MALGRAT DE MAR
2021,18950,08110,MALGRAT DE MAR
2020,18772,08110,MALGRAT DE MAR
2022,272,08111,MALLA
2021,276,08111,MALLA
2020,272,08111,MALLA
2022,20883,08112,MANLLEU
2021,20804,08112,MANLLEU
2020,20912,08112,MANLLEU
2022,77452,08113,MANRESA
2021,78192,08113,MANRESA
2020,78245,08113,MANRESA
2022,282,08242,MARGANELL
2021,271,08242,MARGANELL
2020,266,08242,MARGANELL
2022,28684,08114,MARTORELL
2021,28667,08114,MARTORELL
2020,28772,08114,MARTORELL
2022,4859,08115,MARTORELLES
2021,4823,08115,MARTORELLES
2020,4820,08115,MARTORELLES
2022,733,08116,LES MASIES DE RODA
2021,704,08116,LES MASIES DE RODA
2020,719,08116,LES MASIES DE RODA
2022,3133,08117,LES MASIES DE VOLTREGÀ
2021,3178,08117,LES MASIES DE VOLTREGÀ
2020,3132,08117,LES MASIES DE VOLTREGÀ
2022,23829,08118,MASNOU, EL
2021,23848,08118,MASNOU, EL
2020,23831,08118,MASNOU, EL
2022,9744,08119,MASQUEFA
2021,9623,08119,MASQUEFA
2020,9402,08119,MASQUEFA
2022,9752,08120,MATADEPERA
2021,9672,08120,MATADEPERA
2020,9496,08120,MATADEPERA
2022,128956,08121,MATARÓ
2021,129120,08121,MATARÓ
2020,129661,08121,MATARÓ
2022,2517,08122,MEDIONA
2021,2419,08122,MEDIONA
2020,2369,08122,MEDIONA
2022,6548,08138,MOIÀ
2021,6474,08138,MOIÀ
2020,6383,08138,MOIÀ
2022,26242,08123,MOLINS DE REI
2021,26104,08123,MOLINS DE REI
2020,25940,08123,MOLINS DE REI
2022,51294,08124,MOLLET DEL VALLÈS
2021,51151,08124,MOLLET DEL VALLÈS
2020,51600,08124,MOLLET DEL VALLÈS
2022,742,08128,MONISTROL DE CALDERS
2021,716,08128,MONISTROL DE CALDERS
2020,702,08128,MONISTROL DE CALDERS
2022,3166,08127,MONISTROL DE MONTSERRAT
2021,3178,08127,MONISTROL DE MONTSERRAT
2020,3139,08127,MONISTROL DE MONTSERRAT
2022,36666,08125,MONTCADA I REIXAC
2021,36794,08125,MONTCADA I REIXAC
2020,36803,08125,MONTCADA I REIXAC
2022,136,08130,MONTCLAR
2021,136,08130,MONTCLAR
2020,139,08130,MONTCLAR
2022,1059,08131,MONTESQUIU
2021,1048,08131,MONTESQUIU
2020,1030,08131,MONTESQUIU
2022,12277,08126,MONTGAT
2021,12260,08126,MONTGAT
2020,12200,08126,MONTGAT
2022,484,08132,MONTMAJOR
2021,472,08132,MONTMAJOR
2020,469,08132,MONTMAJOR
2022,166,08133,MONTMANEU
2021,158,08133,MONTMANEU
2020,151,08133,MONTMANEU
2022,8793,08135,MONTMELÓ
2021,8798,08135,MONTMELÓ
2020,8831,08135,MONTMELÓ
2022,16707,08136,MONTORNÈS DEL VALLÈS
2021,16804,08136,MONTORNÈS DEL VALLÈS
2020,16644,08136,MONTORNÈS DEL VALLÈS
2022,370,08137,MONTSENY
2021,362,08137,MONTSENY
2020,351,08137,MONTSENY
2022,700,08129,MUNTANYOLA
2021,655,08129,MUNTANYOLA
2020,632,08129,MUNTANYOLA
2022,232,08139,MURA
2021,231,08139,MURA
2020,220,08139,MURA
2022,6067,08140,NAVARCLES
2021,6068,08140,NAVARCLES
2020,6057,08140,NAVARCLES
2022,6018,08141,NAVÀS
2021,5973,08141,NAVÀS
2020,6018,08141,NAVÀS
2022,179,08142,NOU DE BERGUEDÀ, LA
2021,176,08142,NOU DE BERGUEDÀ, LA
2020,162,08142,NOU DE BERGUEDÀ, LA
2022,3728,08143,ÒRDENA
2021,3681,08143,ÒRDENA
2020,3668,08143,ÒRDENA
2022,3884,08145,OLÈRDOLA
2021,3847,08145,OLÈRDOLA
2020,3768,08145,OLÈRDOLA
2022,2016,08146,OLESA DE BONESVALLS
2021,1923,08146,OLESA DE BONESVALLS
2020,1840,08146,OLESA DE BONESVALLS
2022,24272,08147,OLESA DE MONTSERRAT
2021,24132,08147,OLESA DE MONTSERRAT
2020,24144,08147,OLESA DE MONTSERRAT
2022,4339,08148,OLIVELLA
2021,4127,08148,OLIVELLA
2020,3935,08148,OLIVELLA
2022,1206,08149,OLOST
2021,1190,08149,OLOST
2020,1202,08149,OLOST
2022,876,08144,OLVAN
2021,874,08144,OLVAN
2020,858,08144,OLVAN
2022,347,08150,ORÍS
2021,339,08150,ORÍS
2020,322,08150,ORÍS
2022,573,08151,ORISTÀ
2021,547,08151,ORISTÀ
2020,549,08151,ORISTÀ
2022,159,08152,ORPÍ
2021,154,08152,ORPÍ
2020,151,08152,ORPÍ
2022,793,08153,ÒRRIUS
2021,779,08153,ÒRRIUS
2020,758,08153,ÒRRIUS
2022,935,08154,PACS DEL PENEDÈS
2021,915,08154,PACS DEL PENEDÈS
2020,918,08154,PACS DEL PENEDÈS
2022,9661,08155,PALAFOLLS
2021,9646,08155,PALAFOLLS
2020,9613,08155,PALAFOLLS
2022,14911,08156,PALAU-SOLITÀ I PLEGAMANS
2021,14917,08156,PALAU-SOLITÀ I PLEGAMANS
2020,14892,08156,PALAU-SOLITÀ I PLEGAMANS
2022,11593,08157,PALLEJÀ
2021,11636,08157,PALLEJÀ
2020,11622,08157,PALLEJÀ
2022,3026,08905,LA PALMA DE CERVELLÓ
2021,3015,08905,LA PALMA DE CERVELLÓ
2020,2992,08905,LA PALMA DE CERVELLÓ
2022,4274,08158,EL PAPIOL
2021,4232,08158,EL PAPIOL
2020,4172,08158,EL PAPIOLL
2022,18889,08159,PARETS DEL VALLÈS
2021,18907,08159,PARETS DEL VALLÈS
2020,19071,08159,PARETS DEL VALLÈS
2022,418,08160,PERAFITA
2021,412,08160,PERAFITA
2020,405,08160,PERAFITA
2022,16787,08161,PIERA
2021,16411,08161,PIERA
2020,16134,08161,PIERA
2022,28083,08163,PINEDA DE MAR
2021,27974,08163,PINEDA DE MAR
2020,27984,08163,PINEDA DE MAR
2022,1335,08164,PLA DEL PENEDÈS, EL
2021,1306,08164,PLA DEL PENEDÈS, EL
2020,1275,08164,PLA DEL PENEDÈS, EL
2022,2275,08165,POBLA DE CLARAMUNT, LA
2021,2207,08165,POBLA DE CLARAMUNT, LA
2020,2185,08165,POBLA DE CLARAMUNT, LA
2022,1079,08166,POBLA DE LILLET, LA
2021,1063,08166,POBLA DE LILLET, LA
2020,1093,08166,POBLA DE LILLET, LA
2022,8451,08167,POLINYÀ
2021,8494,08167,POLINYÀ
2020,8504,08167,POLINYÀ
2022,4024,08182,PONT DE VILOMARA I ROCAFORT, EL
2021,4016,08182,PONT DE VILOMARA I ROCAFORT, EL
2020,3907,08182,PONT DE VILOMARA I ROCAFORT, EL
2022,507,08168,PONTONS
2021,523,08168,PONTONS
2020,528,08168,PONTONS
2022,65030,08169,EL PRAT DE LLOBREGAT
2021,65532,08169,EL PRAT DE LLOBREGAT
2020,65385,08169,EL PRAT DE LLOBREGAT
2022,2627,08171,PRATS DE LLUÇANÈS
2021,2634,08171,PRATS DE LLUÇANÈS
2020,2604,08171,PRATS DE LLUÇANÈS
2022,554,08170,PRATS DE REI, ELS
2021,551,08170,PRATS DE REI, ELS
2020,537,08170,PRATS DE REI, ELS
2022,10400,08230,PREMIÀ DE DALT
2021,10419,08230,PREMIÀ DE DALT
2020,10441,08230,PREMIÀ DE DALT
2022,28518,08172,PREMIÀ DE MAR
2021,28523,08172,PREMIÀ DE MAR
2020,28531,08172,PREMIÀ DE MAR
2022,555,08174,PUIGDÀLBER
2021,551,08174,PUIGDÀLBER
2020,524,08174,PUIGDÀLBER
2022,4327,08175,PUIG-REIG
2021,4289,08175,PUIG-REIG
2020,4295,08175,PUIG-REIG
2022,204,08176,PUJALT
2021,206,08176,PUJALT
2020,210,08176,PUJALT
2022,47,08177,QUAR, LA
2021,51,08177,QUAR, LA
2020,49,08177,QUAR, LA
2022,545,08178,RAJADELL
2021,549,08178,RAJADELL
2020,534,08178,RAJADELL
2022,915,08179,RELLINARS
2021,868,08179,RELLINARS
2020,809,08179,RELLINARS
2022,39031,08180,RIPOLLET
2021,39139,08180,RIPOLLET
2020,39179,08180,RIPOLLET
2022,10776,08181,ROCA DEL VALLÈS, LA
2021,10676,08181,ROCA DEL VALLÈS, LA
2020,10754,08181,ROCA DEL VALLÈS, LA
2022,6555,08183,RODA DE TER
2021,6449,08183,RODA DE TER
2020,6490,08183,RODA DE TER
2022,79007,08184,RUBÍ
2021,78549,08184,RUBÍ
2020,78591,08184,RUBÍ
2022,244,08185,RUBIÓ
2021,236,08185,RUBIÓ
2020,239,08185,RUBIÓ
2022,279,08901,RUPIT I PRUIT
2021,296,08901,RUPIT I PRUIT
2020,271,08901,RUPIT I PRUIT
2022,215760,08187,SABADELL
2021,216204,08187,SABADELL
2020,216520,08187,SABADELL
2022,157,08188,SAGÀS
2021,151,08188,SAGÀS
2020,145,08188,SAGÀS
2022,298,08190,SALDES
2021,283,08190,SALDES
2020,278,08190,SALDES
2022,6805,08191,SALLENT
2021,6717,08191,SALLENT
2020,6735,08191,SALLENT
2022,36918,08194,SANT ADRIÀ DE BESÒS
2021,37283,08194,SANT ADRIÀ DE BESÒS
2020,37447,08194,SANT ADRIÀ DE BESÒS
2022,100,08195,SANT AGUSTÍ DE LLUÇANÈS
2021,92,08195,SANT AGUSTÍ DE LLUÇANÈS
2020,89,08195,SANT AGUSTÍ DE LLUÇANÈS
2022,26965,08196,SANT ANDREU DE LA BARCA
2021,27175,08196,SANT ANDREU DE LA BARCA
2020,27569,08196,SANT ANDREU DE LA BARCA
2022,11593,08197,SANT ANDREU DE LLAVANERES
2021,11150,08197,SANT ANDREU DE LLAVANERES
2020,11133,08197,SANT ANDREU DE LLAVANERES
2022,6483,08198,SANT ANTONI DE VILAMAJOR
2021,6383,08198,SANT ANTONI DE VILAMAJOR
2020,6208,08198,SANT ANTONI DE VILAMAJOR
2022,924,08199,SANT BARTOMEU DEL GRAU
2021,913,08199,SANT BARTOMEU DEL GRAU
2020,884,08199,SANT BARTOMEU DEL GRAU
2022,83371,08200,SANT BOI DE LLOBREGAT
2021,83755,08200,SANT BOI DE LLOBREGAT
2020,84500,08200,SANT BOI DE LLOBREGAT
2022,575,08201,SANT BOI DE LLUÇANÈS
2021,573,08201,SANT BOI DE LLUÇANÈS
2020,580,08201,SANT BOI DE LLUÇANÈS
2022,3619,08203,SANT CEBRIÀ DE VALLALTA
2021,3570,08203,SANT CEBRIÀ DE VALLALTA
2020,3438,08203,SANT CEBRIÀ DE VALLALTA
2022,18285,08202,SANT CELONI
2021,18176,08202,SANT CELONI
2020,18136,08202,SANT CELONI
2022,4170,08204,SANT CLIMENT DE LLOBREGAT
2021,4193,08204,SANT CLIMENT DE LLOBREGAT
2020,4160,08204,SANT CLIMENT DE LLOBREGAT
2022,95725,08205,SANT CUGAT DEL VALLÈS
2021,94012,08205,SANT CUGAT DEL VALLÈS
2020,92977,08205,SANT CUGAT DEL VALLÈS
2022,1009,08206,SANT CUGAT SESGARRIGUES
2021,1004,08206,SANT CUGAT SESGARRIGUES
2020,1009,08206,SANT CUGAT SESGARRIGUES
2022,3043,08207,SANT ESTEVE DE PALAUTORDERA
2021,2997,08207,SANT ESTEVE DE PALAUTORDERA
2020,2864,08207,SANT ESTEVE DE PALAUTORDERA
2022,7889,08208,SANT ESTEVE SESROVIRES
2021,7771,08208,SANT ESTEVE SESROVIRES
2020,7696,08208,SANT ESTEVE SESROVIRES
2022,6460,08210,SANT FELIU DE CODINES
2021,6406,08210,SANT FELIU DE CODINES
2020,6363,08210,SANT FELIU DE CODINES
2022,45642,08211,SANT FELIU DE LLOBREGAT
2021,45463,08211,SANT FELIU DE LLOBREGAT
2020,45467,08211,SANT FELIU DE LLOBREGAT
2022,611,08212,SANT FELIU SASSERRA
2021,617,08212,SANT FELIU SASSERRA
2020,605,08212,SANT FELIU SASSERRA
2022,9064,08209,SANT FOST DE CAMPSENTELLES
2021,8997,08209,SANT FOST DE CAMPSENTELLES
2020,8853,08209,SANT FOST DE CAMPSENTELLES
2022,9025,08213,SANT FRUITÓS DE BAGES
2021,8936,08213,SANT FRUITÓS DE BAGES
2020,8837,08213,SANT FRUITÓS DE BAGES
2022,3644,08215,SANT HIPÒLIT DE VOLTREGÀ
2021,3547,08215,SANT HIPÒLIT DE VOLTREGÀ
2020,3540,08215,SANT HIPÒLIT DE VOLTREGÀ
2022,1433,08193,SANT ISCLE DE VALLALTA
2021,1438,08193,SANT ISCLE DE VALLALTA
2020,1342,08193,SANT ISCLE DE VALLALTA
2022,31,08216,SANT JAUME DE FRONTANYÀ
2021,28,08216,SANT JAUME DE FRONTANYÀ
2020,30,08216,SANT JAUME DE FRONTANYÀ
2022,10820,08218,SANT JOAN DE VILATORRADA
2021,10871,08218,SANT JOAN DE VILATORRADA
2020,10998,08218,SANT JOAN DE VILATORRADA
2022,34039,08217,SANT JOAN DESPÍ
2021,34130,08217,SANT JOAN DESPÍ
2020,34267,08217,SANT JOAN DESPÍ
2022,241,08903,SANT JULIÀ DE CERDANYOLA
2021,235,08903,SANT JULIÀ DE CERDANYOLA
2020,229,08903,SANT JULIÀ DE CERDANYOLA
2022,3193,08220,SANT JULIÀ DE VILATORTA
2021,3152,08220,SANT JULIÀ DE VILATORTA
2020,3140,08220,SANT JULIÀ DE VILATORTA
2022,19806,08221,SANT JUST DESVERN
2021,19379,08221,SANT JUST DESVERN
2020,18670,08221,SANT JUST DESVERN
2022,2503,08222,SANT LLORENÇ D'HORTONS
2021,2459,08222,SANT LLORENÇ D'HORTONS
2020,2428,08222,SANT LLORENÇ D'HORTONS
2022,2524,08223,SANT LLORENÇ SAVALL
2021,2514,08223,SANT LLORENÇ SAVALL
2020,2417,08223,SANT LLORENÇ SAVALL
2022,119,08225,SANT MARTÍ D'ALBARS
2021,107,08225,SANT MARTÍ D'ALBARS
2020,114,08225,SANT MARTÍ D'ALBARS
2022,1232,08224,SANT MARTÍ DE CENTELLES
2021,1186,08224,SANT MARTÍ DE CENTELLES
2020,1184,08224,SANT MARTÍ DE CENTELLES
2022,1243,08226,SANT MARTÍ DE TOUS
2021,1236,08226,SANT MARTÍ DE TOUS
2020,1228,08226,SANT MARTÍ DE TOUS
2022,3313,08227,SANT MARTÍ SARROCA
2021,3286,08227,SANT MARTÍ SARROCA
2020,3261,08227,SANT MARTÍ SARROCA
2022,361,08228,SANT MARTÍ SESGUEIOLES
2021,344,08228,SANT MARTÍ SESGUEIOLES
2020,342,08228,SANT MARTÍ SESGUEIOLES
2022,628,08229,SANT MATEU DE BAGES
2021,614,08229,SANT MATEU DE BAGES
2020,608,08229,SANT MATEU DE BAGES
2022,31688,08231,SANT PERE DE RIBES
2021,31525,08231,SANT PERE DE RIBES
2020,31111,08231,SANT PERE DE RIBES
2022,2404,08232,SANT PERE DE RIUDEBITLLES
2021,2411,08232,SANT PERE DE RIUDEBITLLES
2020,2380,08232,SANT PERE DE RIUDEBITLLES
2022,2514,08233,SANT PERE DE TORELLÓ
2021,2488,08233,SANT PERE DE TORELLÓ
2020,2470,08233,SANT PERE DE TORELLÓ
2022,4815,08234,SANT PERE DE VILAMAJOR
2021,4671,08234,SANT PERE DE VILAMAJOR
2020,4544,08234,SANT PERE DE VILAMAJOR
2022,167,08189,SANT PERE SALLAVINERA
2021,159,08189,SANT PERE SALLAVINERA
2020,151,08189,SANT PERE SALLAVINERA
2022,5680,08235,SANT POL DE MAR
2021,5538,08235,SANT POL DE MAR
2020,5428,08235,SANT POL DE MAR
2022,2393,08236,SANT QUINTÍ DE MEDIONA
2021,2367,08236,SANT QUINTÍ DE MEDIONA
2020,2317,08236,SANT QUINTÍ DE MEDIONA
2022,2142,08237,SANT QUIRZE DE BESORA
2021,2145,08237,SANT QUIRZE DE BESORA
2020,2154,08237,SANT QUIRZE DE BESORA
2022,20180,08238,SANT QUIRZE DEL VALLÈS
2021,20156,08238,SANT QUIRZE DEL VALLÈS
2020,20195,08238,SANT QUIRZE DEL VALLÈS
2022,672,08239,SANT QUIRZE SAFAJA
2021,660,08239,SANT QUIRZE SAFAJA
2020,631,08239,SANT QUIRZE SAFAJA
2022,12863,08240,SANT SADURNÍ D'ANOIA
2021,12840,08240,SANT SADURNÍ D'ANOIA
2020,12841,08240,SANT SADURNÍ D'ANOIA
2022,90,08241,SANT SADURNÍ D'OSORMORT
2021,76,08241,SANT SADURNÍ D'OSORMORT
2020,76,08241,SANT SADURNÍ D'OSORMORT
2022,3351,08098,SANT SALVADOR DE GUARDIOLA
2021,3243,08098,SANT SALVADOR DE GUARDIOLA
2020,3221,08098,SANT SALVADOR DE GUARDIOLA
2022,9949,08262,SANT VICENÇ DE CASTELLET
2021,9868,08262,SANT VICENÇ DE CASTELLET
2020,9767,08262,SANT VICENÇ DE CASTELLET
2022,6661,08264,SANT VICENÇ DE MONTALT
2021,6523,08264,SANT VICENÇ DE MONTALT
2020,6452,08264,SANT VICENÇ DE MONTALT
2022,2077,08265,SANT VICENÇ DE TORELLÓ
2021,2077,08265,SANT VICENÇ DE TORELLÓ
2020,2058,08265,SANT VICENÇ DE TORELLÓ
2022,28079,08263,SANT VICENÇ DELS HORTS
2021,28115,08263,SANT VICENÇ DELS HORTS
2020,28268,08263,SANT VICENÇ DELS HORTS
2022,185,08243,SANTA CECÍLIA DE VOLTREGÀ
2021,179,08243,SANTA CECÍLIA DE VOLTREGÀ
2020,182,08243,SANTA CECÍLIA DE VOLTREGÀ
2022,8309,08244,SANTA COLOMA DE CERVELLÓ
2021,8273,08244,SANTA COLOMA DE CERVELLÓ
2020,8268,08244,SANTA COLOMA DE CERVELLÓ
2022,117981,08245,SANTA COLOMA DE GRAMENET
2021,119289,08245,SANTA COLOMA DE GRAMENET
2020,120443,08245,SANTA COLOMA DE GRAMENET
2022,2256,08246,SANTA EUGÈNIA DE BERGA
2021,2259,08246,SANTA EUGÈNIA DE BERGA
2020,2278,08246,SANTA EUGÈNIA DE BERGA
2022,1401,08247,SANTA EULÀLIA DE RIUPRIMER
2021,1409,08247,SANTA EULÀLIA DE RIUPRIMER
2020,1383,08247,SANTA EULÀLIA DE RIUPRIMER
2022,7740,08248,SANTA EULÀLIA DE RONÇANA
2021,7538,08248,SANTA EULÀLIA DE RONÇANA
2020,7426,08248,SANTA EULÀLIA DE RONÇANA
2022,370,08249,SANTA FE DEL PENEDÈS
2021,378,08249,SANTA FE DEL PENEDÈS
2020,367,08249,SANTA FE DEL PENEDÈS
2022,10294,08250,SANTA MARGARIDA DE MONTBUI
2021,10192,08250,SANTA MARGARIDA DE MONTBUI
2020,10225,08250,SANTA MARGARIDA DE MONTBUI
2022,7624,08251,SANTA MARGARIDA I ELS MONJOS
2021,7664,08251,SANTA MARGARIDA I ELS MONJOS
2020,7676,08251,SANTA MARGARIDA I ELS MONJOS
2022,159,08253,SANTA MARIA DE BESORA
2021,161,08253,SANTA MARIA DE BESORA
2020,161,08253,SANTA MARIA DE BESORA
2022,889,08256,SANTA MARIA DE MARTORELLES
2021,882,08256,SANTA MARIA DE MARTORELLES
2020,890,08256,SANTA MARIA DE MARTORELLES
2022,184,08255,SANTA MARIA DE MERLÈS
2021,180,08255,SANTA MARIA DE MERLÈS
2020,184,08255,SANTA MARIA DE MERLÈS
2022,138,08257,SANTA MARIA DE MIRALLES
2021,129,08257,SANTA MARIA DE MIRALLES
2020,119,08257,SANTA MARIA DE MIRALLES
2022,9777,08259,SANTA MARIA DE PALAUTORDERA
2021,9666,08259,SANTA MARIA DE PALAUTORDERA
2020,9630,08259,SANTA MARIA DE PALAUTORDERA
2022,1063,08258,SANTA MARIA D'OLÓ
2021,1065,08258,SANTA MARIA D'OLÓ
2020,1024,08258,SANTA MARIA D'OLÓ
2022,25930,08260,SANTA PERPÈTUA DE MOGODA
2021,26033,08260,SANTA PERPÈTUA DE MOGODA
2020,25999,08260,SANTA PERPÈTUA DE MOGODA
2022,3755,08261,SANTA SUSANNA
2021,3650,08261,SANTA SUSANNA
2020,3548,08261,SANTA SUSANNA
2022,7612,08192,SANTPEDOR
2021,7566,08192,SANTPEDOR
2020,7604,08192,SANTPEDOR
2022,9417,08267,SENTMENAT
2021,9347,08267,SENTMENAT
2020,9235,08267,SENTMENAT
2022,3736,08269,SEVA
2021,3696,08269,SEVA
2020,3544,08269,SEVA
2022,31222,08270,SITGES
2021,30217,08270,SITGES
2020,29553,08270,SITGES
2022,83,08271,SOBREMUNT
2021,78,08271,SOBREMUNT
2020,78,08271,SOBREMUNT
2022,219,08272,SORA
2021,211,08272,SORA
2020,212,08272,SORA
2022,3241,08273,SUBIRATS
2021,3149,08273,SUBIRATS
2020,3104,08273,SUBIRATS
2022,5921,08274,SÚRIA
2021,5923,08274,SÚRIA
2020,5948,08274,SÚRIA
2022,340,08276,TAGAMANENT
2021,325,08276,TAGAMANENT
2020,318,08276,TAGAMANENT
2022,219,08277,TALAMANCA
2021,222,08277,TALAMANCA
2020,209,08277,TALAMANCA
2022,6699,08278,TARADELL
2021,6687,08278,TARADELL
2020,6640,08278,TARADELL
2022,329,08275,TAVÈRNOLES
2021,329,08275,TAVÈRNOLES
2020,322,08275,TAVÈRNOLES
2022,116,08280,TAVERTET
2021,113,08280,TAVERTET
2020,105,08280,TAVERTET
2022,6635,08281,TEIÀ
2021,6532,08281,TEIÀ
2020,6427,08281,TEIÀ
2022,224114,08279,TERRASSA
2021,223011,08279,TERRASSA
2020,223627,08279,TERRASSA
2022,9110,08282,TIANA
2021,9009,08282,TIANA
2020,8945,08282,TIANA
2022,8368,08283,TONA
2021,8368,08283,TONA
2020,8356,08283,TONA
2022,18022,08284,TORDERA
2021,17788,08284,TORDERA
2020,17519,08284,TORDERA
2022,14726,08285,TORELLÓ
2021,14553,08285,TORELLÓ
2020,14400,08285,TORELLÓ
2022,3966,08286,TORRE DE CLARAMUNT, LA
2021,3852,08286,TORRE DE CLARAMUNT, LA
2020,3741,08286,TORRE DE CLARAMUNT, LA
2022,1457,08287,TORRELAVIT
2021,1429,08287,TORRELAVIT
2020,1422,08287,TORRELAVIT
2022,2557,08288,TORRELLES DE FOIX
2021,2479,08288,TORRELLES DE FOIX
2020,2398,08288,TORRELLES DE FOIX
2022,6186,08289,TORRELLES DE LLOBREGAT
2021,6126,08289,TORRELLES DE LLOBREGAT
2020,6073,08289,TORRELLES DE LLOBREGAT
2022,2139,08290,ULLASTRELL
2021,2096,08290,ULLASTRELL
2020,2089,08290,ULLASTRELL
2022,7325,08291,VACARISSES
2021,7082,08291,VACARISSES
2020,6832,08291,VACARISSES
2022,1387,08292,VALLBONA D'ANOIA
2021,1375,08292,VALLBONA D'ANOIA
2020,1357,08292,VALLBONA D'ANOIA
2022,268,08293,VALLCEBRE
2021,258,08293,VALLCEBRE
2020,249,08293,VALLCEBRE
2022,3144,08294,VALLGORGUINA
2021,3052,08294,VALLGORGUINA
2020,2988,08294,VALLGORGUINA
2022,15658,08295,VALLIRANA
2021,15438,08295,VALLIRANA
2020,15312,08295,VALLIRANA
2022,2632,08296,VALLROMANES
2021,2594,08296,VALLROMANES
2020,2558,08296,VALLROMANES
2022,182,08297,VECIANA
2021,179,08297,VECIANA
2020,175,08297,VECIANA
2022,47545,08298,VIC
2021,47319,08298,VIC
2020,47630,08298,VIC
2022,439,08299,VILADA
2021,424,08299,VILADA
2020,419,08299,VILADA
2022,66720,08301,VILADECANS
2021,66707,08301,VILADECANS
2020,67197,08301,VILADECANS
2022,7644,08300,VILADECAVALLS
2021,7621,08300,VILADECAVALLS
2020,7545,08300,VILADECAVALLS
2022,40056,08305,VILAFRANCA DEL PENEDÈS
2021,39969,08305,VILAFRANCA DEL PENEDÈS
2020,40154,08305,VILAFRANCA DEL PENEDÈS
2022,748,08306,VILALBA SASSERRA
2021,758,08306,VILALBA SASSERRA
2020,753,08306,VILALBA SASSERRA
2022,320,08303,VILANOVA DE SAU
2021,314,08303,VILANOVA DE SAU
2020,312,08303,VILANOVA DE SAU
2022,12699,08302,VILANOVA DEL CAMÍ
2021,12736,08302,VILANOVA DEL CAMÍ
2020,12596,08302,VILANOVA DEL CAMÍ
2022,5557,08902,VILANOVA DEL VALLÈS
2021,5535,08902,VILANOVA DEL VALLÈS
2020,5503,08902,VILANOVA DEL VALLÈS
2022,68152,08307,VILANOVA I LA GELTRÚ
2021,67458,08307,VILANOVA I LA GELTRÚ
2020,67733,08307,VILANOVA I LA GELTRÚ
2022,9128,08214,VILASSAR DE DALT
2021,9074,08214,VILASSAR DE DALT
2020,9072,08214,VILASSAR DE DALT
2022,21067,08219,VILASSAR DE MAR
2021,20936,08219,VILASSAR DE MAR
2020,21035,08219,VILASSAR DE MAR
2022,1130,08304,VILOBÍ DEL PENEDÈS
2021,1128,08304,VILOBÍ DEL PENEDÈS
2020,1102,08304,VILOBÍ DEL PENEDÈS
2022,166,08308,VIVER I SERRATEIX
2021,175,08308,VIVER I SERRATEIX
2020,172,08308,VIVER I SERRATEIX
2022,903,17001,AGULLANA
2021,885,17001,AGULLANA
2020,863,17001,AGULLANA
2022,780,17002,AIGUAVIVA
2021,789,17002,AIGUAVIVA
2020,765,17002,AIGUAVIVA
2022,180,17003,ALBANYÀ
2021,178,17003,ALBANYÀ
2020,155,17003,ALBANYÀ
2022,797,17004,ALBONS
2021,798,17004,ALBONS
2020,759,17004,ALBONS
2022,1717,17006,ALP
2021,1645,17006,ALP
2020,1593,17006,ALP
2022,2422,17007,AMER
2021,2383,17007,AMER
2020,2332,17007,AMER
2022,5682,17008,ANGLÈS
2021,5709,17008,ANGLÈS
2020,5654,17008,ANGLÈS
2022,6474,17009,ARBÚCIES
2021,6507,17009,ARBÚCIES
2020,6608,17009,ARBÚCIES
2022,439,17010,ARGELAGUER
2021,417,17010,ARGELAGUER
2020,396,17010,ARGELAGUER
2022,1043,17011,ARMENTERA, L'
2021,998,17011,ARMENTERA, L'
2020,951,17011,ARMENTERA, L'
2022,1676,17012,AVINYONET DE PUIGVENTÓS
2021,1657,17012,AVINYONET DE PUIGVENTÓS
2020,1641,17012,AVINYONET DE PUIGVENTÓS
2022,20187,17015,BANYOLES
2021,20168,17015,BANYOLES
2020,20053,17015,BANYOLES
2022,1034,17016,BÀSCARA
2021,1015,17016,BÀSCARA
2020,1001,17016,BÀSCARA
2022,4177,17013,BEGUR
2021,4039,17013,BEGUR
2020,3891,17013,BEGUR
2022,713,17018,BELLCAIRE D'EMPORDÀ
2021,699,17018,BELLCAIRE D'EMPORDÀ
2020,678,17018,BELLCAIRE D'EMPORDÀ
2022,2480,17019,BESALÚ
2021,2502,17019,BESALÚ
2020,2487,17019,BESALÚ
2022,5156,17020,BESCANÓ
2021,5094,17020,BESCANÓ
2020,4991,17020,BESCANÓ
2022,202,17021,BEUDA
2021,187,17021,BEUDA
2020,186,17021,BEUDA
2022,11163,17022,BISBAL D'EMPORDÀ, LA
2021,11190,17022,BISBAL D'EMPORDÀ, LA
2020,11159,17022,BISBAL D'EMPORDÀ, LA
2022,249,17234,BIURE
2021,244,17234,BIURE
2020,241,17234,BIURE
2022,40579,17023,BLANES
2021,40274,17023,BLANES
2020,39914,17023,BLANES
2022,258,17029,BOADELLA I LES ESCAULES
2021,271,17029,BOADELLA I LES ESCAULES
2020,272,17029,BOADELLA I LES ESCAULES
2022,518,17024,BOLVIR
2021,489,17024,BOLVIR
2020,375,17024,BOLVIR
2022,1815,17025,BORDILS
2021,1796,17025,BORDILS
2020,1761,17025,BORDILS
2022,776,17026,BORRASSÀ
2021,752,17026,BORRASSÀ
2020,733,17026,BORRASSÀ
2022,3842,17027,BREDA
2021,3836,17027,BREDA
2020,3762,17027,BREDA
2022,388,17028,BRUNYOLA I SANT MARTÍ SAPRESA
2021,390,17028,BRUNYOLA I SANT MARTÍ SAPRESA
2020,389,17028,BRUNYOLA I SANT MARTÍ SAPRESA
2022,279,17031,CABANELLES
2021,266,17031,CABANELLES
2020,267,17031,CABANELLES
2022,949,17030,CABANES
2021,941,17030,CABANES
2020,968,17030,CABANES
2022,2889,17032,CADAQUÉS
2021,2820,17032,CADAQUÉS
2020,2695,17032,CADAQUÉS
2022,8196,17033,CALDES DE MALAVELLA
2021,8051,17033,CALDES DE MALAVELLA
2020,7872,17033,CALDES DE MALAVELLA
2022,11712,17034,CALOGNE I SANT ANTONI
2021,11484,17034,CALOGNE I SANT ANTONI
2020,11331,17034,CALOGNE I SANT ANTONI
2022,715,17035,CAMÓS
2021,711,17035,CAMÓS
2020,677,17035,CAMÓS
2022,3217,17036,CAMPDEVÀNOL
2021,3225,17036,CAMPDEVÀNOL
2020,3232,17036,CAMPDEVÀNOL
2022,162,17037,CAMPELLES
2021,149,17037,CAMPELLES
2020,140,17037,CAMPELLES
2022,535,17038,CAMPLLONG
2021,533,17038,CAMPLLONG
2020,537,17038,CAMPLLONG
2022,2469,17039,CAMPRODON
2021,2435,17039,CAMPRODON
2020,2298,17039,CAMPRODON
2022,750,17040,CANET D'ADRI
2021,749,17040,CANET D'ADRI
2020,729,17040,CANET D'ADRI
2022,330,17041,CANTALLOPS
2021,305,17041,CANTALLOPS
2020,309,17041,CANTALLOPS
2022,672,17042,CAPMANY
2021,618,17042,CAPMANY
2020,611,17042,CAPMANY
2022,10680,17044,CASSÀ DE LA SELVA
2021,10505,17044,CASSÀ DE LA SELVA
2020,10410,17044,CASSÀ DE LA SELVA
2022,926,17046,CASTELLFOLLIT DE LA ROCA
2021,939,17046,CASTELLFOLLIT DE LA ROCA
2020,947,17046,CASTELLFOLLIT DE LA ROCA
2022,11611,17047,CASTELLÓ D'EMPÚRIES
2021,11154,17047,CASTELLÓ D'EMPÚRIES
2020,11100,17047,CASTELLÓ D'EMPÚRIES
2022,11757,17048,CASTELL-PLATJA D'ARO
2021,11455,17048,CASTELL-PLATJA D'ARO
2020,11030,17048,CASTELL-PLATJA D'ARO
2022,1967,17189,CELLERA DE TER, LA
2021,1973,17189,CELLERA DE TER, LA
2020,1950,17189,CELLERA DE TER, LA
2022,5503,17049,CELRÀ
2021,5606,17049,CELRÀ
2020,5561,17049,CELRÀ
2022,999,17050,CERVIÀ DE TER
2021,973,17050,CERVIÀ DE TER
2020,966,17050,CERVIÀ DE TER
2022,307,17051,CISTELLA
2021,282,17051,CISTELLA
2020,282,17051,CISTELLA
2022,468,17054,COLERA
2021,462,17054,COLERA
2020,445,17054,COLERA
2022,204,17055,COLOMERS
2021,188,17055,COLOMERS
2020,174,17055,COLOMERS
2022,1268,17057,CORÇÀ
2021,1275,17057,CORÇÀ
2020,1268,17057,CORÇÀ
2022,2407,17056,CORNELLÀ DEL TERRI
2021,2422,17056,CORNELLÀ DEL TERRI
2020,2399,17056,CORNELLÀ DEL TERRI
2022,276,17058,CRESPIÀ
2021,270,17058,CRESPIÀ
2020,254,17058,CRESPIÀ
2022,1338,17901,CRUÏLLES, MONELLS I SANT SADURNÍ DE L'HEURA
2021,1327,17901,CRUÏLLES, MONELLS I SANT SADURNÍ DE L'HEURA
2020,1270,17901,CRUÏLLES, MONELLS I SANT SADURNÍ DE L'HEURA
2022,535,17060,DARNIUS
2021,540,17060,DARNIUS
2020,537,17060,DARNIUS
2022,267,17061,DAS
2021,248,17061,DAS
2020,234,17061,DAS
2022,10520,17062,ESCALA, L'
2021,10497,17062,ESCALA, L'
2020,10244,17062,ESCALA, L'
2022,248,17063,ESPINELVES
2021,239,17063,ESPINELVES
2020,221,17063,ESPINELVES
2022,408,17064,ESPOLLA
2021,412,17064,ESPOLLA
2020,412,17064,ESPOLLA
2022,489,17065,ESPONELLÀ
2021,469,17065,ESPONELLÀ
2020,463,17065,ESPONELLÀ
2022,625,17005,FAR D'EMPORDÀ, EL
2021,619,17005,FAR D'EMPORDÀ, EL
2020,602,17005,FAR D'EMPORDÀ, EL
2022,47088,17066,FIGUERES
2021,47043,17066,FIGUERES
2020,47235,17066,FIGUERES
2022,1130,17067,FLAÇÀ
2021,1147,17067,FLAÇÀ
2020,1130,17067,FLAÇÀ
2022,288,17068,FOIXÀ
2021,299,17068,FOIXÀ
2020,303,17068,FOIXÀ
2022,533,17069,FONTANALS DE CERDANYA
2021,506,17069,FONTANALS DE CERDANYA
2020,437,17069,FONTANALS DE CERDANYA
2022,163,17070,FONTANILLES
2021,157,17070,FONTANILLES
2020,146,17070,FONTANILLES
2022,1466,17071,FONTCOBERTA
2021,1468,17071,FONTCOBERTA
2020,1469,17071,FONTCOBERTA
2022,1765,17902,FORALLAC
2021,1708,17902,FORALLAC
2020,1695,17902,FORALLAC
2022,2693,17073,FORNELLS DE LA SELVA
2021,2700,17073,FORNELLS DE LA SELVA
2020,2670,17073,FORNELLS DE LA SELVA
2022,778,17074,FORTIÀ
2021,793,17074,FORTIÀ
2020,787,17074,FORTIÀ
2022,458,17075,GARRIGÀS
2021,464,17075,GARRIGÀS
2020,451,17075,GARRIGÀS
2022,177,17076,GARRIGOLES
2021,170,17076,GARRIGOLES
2020,167,17076,GARRIGOLES
2022,922,17077,GARRIGUELLA
2021,909,17077,GARRIGUELLA
2020,853,17077,GARRIGUELLA
2022,512,17078,GER
2021,502,17078,GER
2020,449,17078,GER
2022,102666,17079,GIRONA
2021,101932,17079,GIRONA
2020,103369,17079,GIRONA
2022,200,17080,GOMBRÈN
2021,196,17080,GOMBRÈN
2020,192,17080,GOMBRÈN
2022,439,17081,GUALTA
2021,421,17081,GUALTA
2020,402,17081,GUALTA
2022,573,17082,GUILS DE CERDANYA
2021,588,17082,GUILS DE CERDANYA
2020,549,17082,GUILS DE CERDANYA
2022,4370,17083,HOSTALRIC
2021,4332,17083,HOSTALRIC
2020,4291,17083,HOSTALRIC
2022,318,17084,ISÒVOL
2021,314,17084,ISÒVOL
2020,281,17084,ISÒVOL
2022,386,17085,JAFRE
2021,382,17085,JAFRE
2020,387,17085,JAFRE
2022,3317,17086,JONQUERA, LA
2021,3340,17086,JONQUERA, LA
2020,3320,17086,JONQUERA, LA
2022,334,17087,JUIÀ
2021,327,17087,JUIÀ
2020,319,17087,JUIÀ
2022,827,17088,LLADÓ
2021,845,17088,LLADÓ
2020,844,17088,LLADÓ
2022,9024,17089,LLAGOSTERA
2021,8851,17089,LLAGOSTERA
2020,8647,17089,LLAGOSTERA
2022,731,17090,LLAMBILLES
2021,730,17090,LLAMBILLES
2020,713,17090,LLAMBILLES
2022,533,17091,LLANARS
2021,535,17091,LLANARS
2020,535,17091,LLANARS
2022,4905,17092,LLANÇÀ
2021,4842,17092,LLANÇÀ
2020,4775,17092,LLANÇÀ
2022,1245,17093,LLERS
2021,1252,17093,LLERS
2020,1237,17093,LLERS
2022,1495,17094,LLIVIA
2021,1504,17094,LLIVIA
2020,1431,17094,LLIVIA
2022,38941,17095,LLORET DE MAR
2021,38402,17095,LLORET DE MAR
2020,39089,17095,LLORET DE MAR
2022,205,17096,LLOSSES, LES
2021,209,17096,LLOSSES, LES
2020,212,17096,LLOSSES, LES
2022,724,17102,MAÇANET DE CABRENYS
2021,729,17102,MAÇANET DE CABRENYS
2020,698,17102,MAÇANET DE CABRENYS
2022,7572,17103,MAÇANET DE LA SELVA
2021,7349,17103,MAÇANET DE LA SELVA
2020,7066,17103,MAÇANET DE LA SELVA
2022,302,17097,MADREMANYA
2021,296,17097,MADREMANYA
2020,288,17097,MADREMANYA
2022,462,17098,MAIÀ DE MONTCAL
2021,469,17098,MAIÀ DE MONTCAL
2020,463,17098,MAIÀ DE MONTCAL
2022,294,17100,MASARAC
2021,284,17100,MASARAC
2020,288,17100,MASARAC
2022,825,17101,MASSANES
2021,803,17101,MASSANES
2020,796,17101,MASSANES
2022,111,17099,MERANGES
2021,97,17099,MERANGES
2020,100,17099,MERANGES
2022,341,17105,MIERES
2021,349,17105,MIERES
2020,345,17105,MIERES
2022,202,17106,MOLLET DE PERALADA
2021,197,17106,MOLLET DE PERALADA
2020,198,17106,MOLLET DE PERALADA
2022,365,17107,MOLLÓ
2021,347,17107,MOLLÓ
2020,336,17107,MOLLÓ
2022,958,17109,MONTAGUT I OIX
2021,951,17109,MONTAGUT I OIX
2020,930,17109,MONTAGUT I OIX
2022,1676,17110,MONT-RAS
2021,1672,17110,MONT-RAS
2020,1680,17110,MONT-RAS
2022,1465,17111,NAVATA
2021,1434,17111,NAVATA
2020,1427,17111,NAVATA
2022,222,17112,OGASSA
2021,240,17112,OGASSA
2020,240,17112,OGASSA
2022,36716,17114,OLOT
2021,36299,17114,OLOT
2020,35926,17114,OLOT
2022,373,17115,ORDIS
2021,369,17115,ORDIS
2020,361,17115,ORDIS
2022,423,17116,OSOR
2021,426,17116,OSOR
2020,428,17116,OSOR
2022,23396,17117,PALAFRUGELL
2021,23046,17117,PALAFRUGELL
2020,23244,17117,PALAFRUGELL
2022,18145,17118,PALAMÓS
2021,18196,17118,PALAMÓS
2020,18135,17118,PALAMÓS
2022,115,17119,PALAU DE SANTA EULÀLIA
2021,111,17119,PALAU DE SANTA EULÀLIA
2020,90,17119,PALAU DE SANTA EULÀLIA
2022,327,17121,PALAU-SATOR
2021,323,17121,PALAU-SATOR
2020,310,17121,PALAU-SATOR
2022,1472,17120,PALAU-SAVERDERA
2021,1490,17120,PALAU-SAVERDERA
2020,1456,17120,PALAU-SAVERDERA
2022,457,17123,PALOL DE REVARDIT
2021,446,17123,PALOL DE REVARDIT
2020,448,17123,PALOL DE REVARDIT
2022,2548,17124,PALS
2021,2516,17124,PALS
2020,2395,17124,PALS
2022,165,17125,PARDINES
2021,166,17125,PARDINES
2020,169,17125,PARDINES
2022,415,17126,PARLAVÀ
2021,413,17126,PARLAVÀ
2020,391,17126,PARLAVÀ
2022,579,17128,PAU
2021,588,17128,PAU
2020,557,17128,PAU
2022,181,17129,PEDRET I MARZÀ
2021,187,17129,PEDRET I MARZÀ
2020,191,17129,PEDRET I MARZÀ
2022,438,17130,PERA, LA
2021,448,17130,PERA, LA
2020,435,17130,PERA, LA
2022,1974,17132,PERALADA
2021,1945,17132,PERALADA
2020,1898,17132,PERALADA
2022,1745,17133,PLANES D'HOSTOLES, LES
2021,1711,17133,PLANES D'HOSTOLES, LES
2020,1712,17133,PLANES D'HOSTOLES, LES
2022,307,17134,PLANOLES
2021,311,17134,PLANOLES
2020,304,17134,PLANOLES
2022,542,17135,PONT DE MOLINS
2021,518,17135,PONT DE MOLINS
2020,516,17135,PONT DE MOLINS
2022,274,17136,PONTÓS
2021,264,17136,PONTÓS
2020,260,17136,PONTÓS
2022,4712,17137,PORQUERAS
2021,4701,17137,PORQUERAS
2020,4677,17137,PORQUERAS
2022,1015,17140,PORT DE LA SELVA, EL
2021,1010,17140,PORT DE LA SELVA, EL
2020,958,17140,PORT DE LA SELVA, EL
2022,1090,17138,PORTBOU
2021,1095,17138,PORTBOU
2020,1063,17138,PORTBOU
2022,1875,17139,LES PRESES
2021,1875,17139,LES PRESES
2020,1855,17139,LES PRESES
2022,9484,17141,PUIGCERDÀ
2021,9518,17141,PUIGCERDÀ
2020,9486,17141,PUIGCERDÀ
2022,3906,17142,QUART
2021,3856,17142,QUART
2020,3798,17142,QUART
2022,191,17043,QUERALBS
2021,191,17043,QUERALBS
2020,188,17043,QUERALBS
2022,210,17143,RABÓS
2021,206,17143,RABÓS
2020,184,17143,RABÓS
2022,271,17144,REGENCÓS
2021,282,17144,REGENCÓS
2020,276,17144,REGENCÓS
2022,1810,17145,RIBES DE FRESER
2021,1787,17145,RIBES DE FRESER
2020,1760,17145,RIBES DE FRESER
2022,4279,17146,RIELLS I VIABREA
2021,4268,17146,RIELLS I VIABREA
2020,4153,17146,RIELLS I VIABREA
2022,10641,17147,RIPOLL
2021,10721,17147,RIPOLL
2020,10803,17147,RIPOLL
2022,2337,17148,RIUDARENES
2021,2283,17148,RIUDARENES
2020,2204,17148,RIUDARENES
2022,511,17149,RIUDAURA
2021,511,17149,RIUDAURA
2020,481,17149,RIUDAURA
2022,2072,17150,RIUDELLOTS DE LA SELVA
2021,2076,17150,RIUDELLOTS DE LA SELVA
2020,2071,17150,RIUDELLOTS DE LA SELVA
2022,244,17151,RIUMORS
2021,244,17151,RIUMORS
2020,246,17151,RIUMORS
2022,19907,17152,ROSES
2021,19921,17152,ROSES
2020,19807,17152,ROSES
2022,300,17153,RUPIÀ
2021,296,17153,RUPIÀ
2020,273,17153,RUPIÀ
2022,169,17154,SALES DE LLIERCA
2021,164,17154,SALES DE LLIERCA
2020,159,17154,SALES DE LLIERCA
2022,32517,17155,SALT
2021,32230,17155,SALT
2020,32138,17155,SALT
2022,162,17157,SANT ANDREU SALOU
2021,156,17157,SANT ANDREU SALOU
2020,160,17157,SANT ANDREU SALOU
2022,363,17183,SANT ANIOL DE FINESTRES
2021,353,17183,SANT ANIOL DE FINESTRES
2020,345,17183,SANT ANIOL DE FINESTRES
2022,696,17158,SANT CLIMENT SESCEBES
2021,712,17158,SANT CLIMENT SESCEBES
2020,707,17158,SANT CLIMENT SESCEBES
2022,839,17159,SANT FELIU DE BUIXALLEU
2021,808,17159,SANT FELIU DE BUIXALLEU
2020,797,17159,SANT FELIU DE BUIXALLEU
2022,22149,17160,SANT FELIU DE GUÍXOLS
2021,22210,17160,SANT FELIU DE GUÍXOLS
2020,22097,17160,SANT FELIU DE GUÍXOLS
2022,1495,17161,SANT FELIU DE PALLEROLS
2021,1456,17161,SANT FELIU DE PALLEROLS
2020,1437,17161,SANT FELIU DE PALLEROLS
2022,256,17162,SANT FERRIOL
2021,247,17162,SANT FERRIOL
2020,236,17162,SANT FERRIOL
2022,4085,17163,SANT GREGORI
2021,4012,17163,SANT GREGORI
2020,3928,17163,SANT GREGORI
2022,5836,17164,SANT HILARI SACALM
2021,5758,17164,SANT HILARI SACALM
2020,5703,17164,SANT HILARI SACALM
2022,842,17165,SANT JAUME DE LLIERCA
2021,852,17165,SANT JAUME DE LLIERCA
2020,871,17165,SANT JAUME DE LLIERCA
2022,3274,17167,SANT JOAN DE LES ABADESSES
2021,3250,17167,SANT JOAN DE LES ABADESSES
2020,3224,17167,SANT JOAN DE LES ABADESSES
2022,515,17168,SANT JOAN DE MOLLET
2021,501,17168,SANT JOAN DE MOLLET
2020,498,17168,SANT JOAN DE MOLLET
2022,3054,17185,SANT JOAN LES FONTS
2021,3050,17185,SANT JOAN LES FONTS
2020,3044,17185,SANT JOAN LES FONTS
2022,830,17166,SANT JORDI DESVALLS
2021,796,17166,SANT JORDI DESVALLS
2020,760,17166,SANT JORDI DESVALLS
2022,3623,17169,SANT JULIÀ DE RAMIS
2021,3612,17169,SANT JULIÀ DE RAMIS
2020,3576,17169,SANT JULIÀ DE RAMIS
2022,1347,17903,SANT JULIÀ DEL LLOR I BONMATÍ
2021,1314,17903,SANT JULIÀ DEL LLOR I BONMATÍ
2020,1313,17903,SANT JULIÀ DEL LLOR I BONMATÍ
2022,267,17171,SANT LLORENÇ DE LA MUGA
2021,267,17171,SANT LLORENÇ DE LA MUGA
2020,265,17171,SANT LLORENÇ DE LA MUGA
2022,679,17172,SANT MARTÍ DE LLÉMENA
2021,663,17172,SANT MARTÍ DE LLÉMENA
2020,641,17172,SANT MARTÍ DE LLÉMENA
2022,261,17173,SANT MARTÍ VELL
2021,244,17173,SANT MARTÍ VELL
2020,251,17173,SANT MARTÍ VELL
2022,239,17174,SANT MIQUEL DE CAMPMAJOR
2021,243,17174,SANT MIQUEL DE CAMPMAJOR
2020,229,17174,SANT MIQUEL DE CAMPMAJOR
2022,808,17175,SANT MIQUEL DE FLUVIÀ
2021,755,17175,SANT MIQUEL DE FLUVIÀ
2020,761,17175,SANT MIQUEL DE FLUVIÀ
2022,159,17176,SANT MORI
2021,157,17176,SANT MORI
2020,166,17176,SANT MORI
2022,732,17177,SANT PAU DE SEGÚRIES
2021,725,17177,SANT PAU DE SEGÚRIES
2020,688,17177,SANT PAU DE SEGÚRIES
2022,2079,17178,SANT PERE PESCADOR
2021,2083,17178,SANT PERE PESCADOR
2020,2090,17178,SANT PERE PESCADOR
2022,13557,17180,SANTA COLOMA DE FARNERS
2021,13459,17180,SANTA COLOMA DE FARNERS
2020,13363,17180,SANTA COLOMA DE FARNERS
2022,5585,17181,SANTA CRISTINA D'ARO
2021,5408,17181,SANTA CRISTINA D'ARO
2020,5287,17181,SANTA CRISTINA D'ARO
2022,379,17182,SANTA LLOGAIA D'ÀLGUEMA
2021,378,17182,SANTA LLOGAIA D'ÀLGUEMA
2020,368,17182,SANTA LLOGAIA D'ÀLGUEMA
2022,1605,17184,SANTA PAU
2021,1585,17184,SANTA PAU
2020,1614,17184,SANTA PAU
2022,5294,17186,SARRIÀ DE TER
2021,5231,17186,SARRIÀ DE TER
2020,5229,17186,SARRIÀ DE TER
2022,865,17187,SAUS, CAMALLERA I LLAMPAIES
2021,865,17187,SAUS, CAMALLERA I LLAMPAIES
2020,856,17187,SAUS, CAMALLERA I LLAMPAIES
2022,220,17188,SELVA DE MAR, LA
2021,212,17188,SELVA DE MAR, LA
2020,195,17188,SELVA DE MAR, LA
2022,1153,17190,SERINYÀ
2021,1143,17190,SERINYÀ
2020,1133,17190,SERINYÀ
2022,233,17191,SERRA DE DARÓ
2021,235,17191,SERRA DE DARÓ
2020,222,17191,SERRA DE DARÓ
2022,200,17192,SETCASES
2021,185,17192,SETCASES
2020,170,17192,SETCASES
2022,6507,17193,SILS
2021,6349,17193,SILS
2020,6219,17193,SILS
2022,178,17052,SIURANA
2021,179,17052,SIURANA
2020,171,17052,SIURANA
2022,96,17194,SUSQUEDA
2021,99,17194,SUSQUEDA
2020,93,17194,SUSQUEDA
2022,480,17195,TALLADA D'EMPORDÀ, LA
2021,466,17195,TALLADA D'EMPORDÀ, LA
2020,454,17195,TALLADA D'EMPORDÀ, LA
2022,345,17196,TERRADES
2021,334,17196,TERRADES
2020,338,17196,TERRADES
2022,166,17197,TORRENT
2021,160,17197,TORRENT
2020,164,17197,TORRENT
2022,741,17198,TORROELLA DE FLUVIÀ
2021,726,17198,TORROELLA DE FLUVIÀ
2020,703,17198,TORROELLA DE FLUVIÀ
2022,12061,17199,TORROELLA DE MONTGRÍ
2021,12023,17199,TORROELLA DE MONTGRÍ
2020,11836,17199,TORROELLA DE MONTGRÍ
2022,823,17200,TORTELLÀ
2021,816,17200,TORTELLÀ
2020,818,17200,TORTELLÀ
2022,185,17201,TOSES
2021,178,17201,TOSES
2020,168,17201,TOSES
2022,5956,17202,TOSSA DE MAR
2021,5930,17202,TOSSA DE MAR
2020,5818,17202,TOSSA DE MAR
2022,1195,17204,ULLÀ
2021,1167,17204,ULLÀ
2020,1177,17204,ULLÀ
2022,250,17205,ULLASTRET
2021,258,17205,ULLASTRET
2020,274,17205,ULLASTRET
2022,224,17203,ULTRAMORT
2021,226,17203,ULTRAMORT
2020,225,17203,ULTRAMORT
2022,214,17206,URÚS
2021,210,17206,URÚS
2020,196,17206,URÚS
2022,87,17014,VAJOL, LA
2021,88,17014,VAJOL, LA
2020,89,17014,VAJOL, LA
2022,1345,17208,VALL DE BIANYA, LA
2021,1315,17208,VALL DE BIANYA, LA
2020,1275,17208,VALL DE BIANYA, LA
2022,3143,17207,LA VALL D'EN BAS
2021,3115,17207,LA VALL D'EN BAS
2020,3093,17207,LA VALL D'EN BAS
2022,222,17170,VALLFOGONA DE RIPOLLÈS
2021,213,17170,VALLFOGONA DE RIPOLLÈS
2020,196,17170,VALLFOGONA DE RIPOLLÈS
2022,926,17209,VALL-LLOBREGA
2021,918,17209,VALL-LLOBREGA
2020,897,17209,VALL-LLOBREGA
2022,911,17210,VENTALLÓ
2021,914,17210,VENTALLÓ
2020,846,17210,VENTALLÓ
2022,1162,17211,VERGES
2021,1183,17211,VERGES
2020,1169,17211,VERGES
2022,181,17212,VIDRÀ
2021,186,17212,VIDRÀ
2020,177,17212,VIDRÀ
2022,8167,17213,VIDRERES
2021,8073,17213,VIDRERES
2020,7951,17213,VIDRERES
2022,991,17214,VILABERTRAN
2021,969,17214,VILABERTRAN
2020,993,17214,VILABERTRAN
2022,3396,17215,VILABLAREIX
2021,3225,17215,VILABLAREIX
2020,3063,17215,VILABLAREIX
2022,479,17217,VILADAMAT
2021,471,17217,VILADAMAT
2020,458,17217,VILADAMAT
2022,216,17216,VILADASENS
2021,214,17216,VILADASENS
2020,206,17216,VILADASENS
2022,840,17218,VILADEMULS
2021,835,17218,VILADEMULS
2020,835,17218,VILADEMULS
2022,1103,17220,VILADRAU
2021,1102,17220,VILADRAU
2020,1047,17220,VILADRAU
2022,5562,17221,VILAFANT
2021,5480,17221,VILAFANT
2020,5421,17221,VILAFANT
2022,1142,17223,VILAJUÏGA
2021,1124,17223,VILAJUÏGA
2020,1116,17223,VILAJUÏGA
2022,410,17224,VILALLONGA DE TER
2021,386,17224,VILALLONGA DE TER
2020,398,17224,VILALLONGA DE TER
2022,386,17225,VILAMACOLUM
2021,371,17225,VILAMACOLUM
2020,377,17225,VILAMACOLUM
2022,1166,17226,VILAMALLA
2021,1154,17226,VILAMALLA
2020,1161,17226,VILAMALLA
2022,204,17227,VILAMANISCLE
2021,205,17227,VILAMANISCLE
2020,212,17227,VILAMANISCLE
2022,401,17228,VILANANT
2021,399,17228,VILANANT
2020,386,17228,VILANANT
2022,785,17230,VILA-SACRA
2021,761,17230,VILA-SACRA
2020,758,17230,VILA-SACRA
2022,162,17222,VILAÜR
2021,162,17222,VILAÜR
2020,158,17222,VILAÜR
2022,3304,17233,VILOBÍ D'ONYAR
2021,3310,17233,VILOBÍ D'ONYAR
2020,3333,17233,VILOBÍ D'ONYAR
2022,223,17232,VILOPRIU
2021,230,17232,VILOPRIU
2020,204,17232,VILOPRIU
2022,167,25001,ABELLA DE LA CONCA
2021,171,25001,ABELLA DE LA CONCA
2020,183,25001,ABELLA DE LA CONCA
2022,580,25002,ÀGER
2021,588,25002,ÀGER
2020,580,25002,ÀGER
2022,5479,25003,AGRAMUNT
2021,5464,25003,AGRAMUNT
2020,5411,25003,AGRAMUNT
2022,2521,25038,AITONA
2021,2493,25038,AITONA
2020,2567,25038,AITONA
2022,781,25004,ALAMÚS, ELS
2021,773,25004,ALAMÚS, ELS
2020,811,25004,ALAMÚS, ELS
2022,329,25005,ALÀS I CERC
2021,322,25005,ALÀS I CERC
2020,320,25005,ALÀS I CERC
2022,348,25006,ALBAGÉS, L'
2021,357,25006,ALBAGÉS, L'
2020,361,25006,ALBAGÉS, L'
2022,2217,25007,ALBATÀRREC
2021,2224,25007,ALBATÀRREC
2020,2236,25007,ALBATÀRREC
2022,1579,25008,ALBESA
2021,1561,25008,ALBESA
2020,1561,25008,ALBESA
2022,755,25009,ALBI, L'
2021,749,25009,ALBI, L'
2020,744,25009,ALBI, L'
2022,240,25010,ALCANÓ
2021,233,25010,ALCANÓ
2020,238,25010,ALCANÓ
2022,9637,25011,ALCARRÀS
2021,9678,25011,ALCARRÀS
2020,9707,25011,ALCARRÀS
2022,3470,25012,ALCOLETGE
2021,3492,25012,ALCOLETGE
2020,3435,25012,ALCOLETGE
2022,2795,25013,ALFARRÀS
2021,2759,25013,ALFARRÀS
2020,2765,25013,ALFARRÀS
2022,300,25014,ALFÉS
2021,301,25014,ALFÉS
2020,297,25014,ALFÉS
2022,422,25015,ALGERRI
2021,423,25015,ALGERRI
2020,404,25015,ALGERRI
2022,3040,25016,ALGUAIRE
2021,3065,25016,ALGUAIRE
2020,3029,25016,ALGUAIRE
2022,285,25017,ALINS
2021,279,25017,ALINS
2020,272,25017,ALINS
2022,6922,25019,ALMACELLES
2021,6875,25019,ALMACELLES
2020,6826,25019,ALMACELLES
2022,302,25020,ALMATRET
2021,310,25020,ALMATRET
2020,305,25020,ALMATRET
2022,3401,25021,ALMENAR
2021,3365,25021,ALMENAR
2020,3357,25021,ALMENAR
2022,121,25022,ALÒS DE BALAGUER
2021,122,25022,ALÒS DE BALAGUER
2020,132,25022,ALÒS DE BALAGUER
2022,6333,25023,ALPICAT
2021,6274,25023,ALPICAT
2020,6266,25023,ALPICAT
2022,441,25024,ALT ÀNEU
2021,430,25024,ALT ÀNEU
2020,414,25024,ALT ÀNEU
2022,1350,25027,ANGLESOLA
2021,1356,25027,ANGLESOLA
2020,1365,25027,ANGLESOLA
2022,2100,25029,ARBECA
2021,2141,25029,ARBECA
2020,2126,25029,ARBECA
2022,61,25031,ARRES
2021,67,25031,ARRES
2020,60,25031,ARRES
2022,80,25032,ARSÈGUEL
2021,85,25032,ARSÈGUEL
2020,81,25032,ARSÈGUEL
2022,1505,25033,ARTESA DE LLEIDA
2021,1525,25033,ARTESA DE LLEIDA
2020,1535,25033,ARTESA DE LLEIDA
2022,3470,25034,ARTESA DE SEGRE
2021,3441,25034,ARTESA DE SEGRE
2020,3400,25034,ARTESA DE SEGRE
2022,221,25036,ASPA
2021,207,25036,ASPA
2020,220,25036,ASPA
2022,459,25037,AVELLANES I SANTA LINYA, LES
2021,447,25037,AVELLANES I SANTA LINYA, LES
2020,433,25037,AVELLANES I SANTA LINYA, LES
2022,345,25039,BAIX PALLARS
2021,342,25039,BAIX PALLARS
2020,331,25039,BAIX PALLARS
2022,17460,25040,BALAGUER
2021,17409,25040,BALAGUER
2020,17472,25040,BALAGUER
2022,979,25041,BARBENS
2021,943,25041,BARBENS
2020,878,25041,BARBENS
2022,229,25042,BARONIA DE RIALB, LA
2021,229,25042,BARONIA DE RIALB, LA
2020,229,25042,BARONIA DE RIALB, LA
2022,223,25044,BASSELLA
2021,224,25044,BASSELLA
2020,217,25044,BASSELLA
2022,66,25045,BAUSEN
2021,66,25045,BAUSEN
2020,60,25045,BAUSEN
2022,508,25046,BELIANES
2021,521,25046,BELIANES
2020,520,25046,BELIANES
2022,288,25170,BELLAGUARDA
2021,292,25170,BELLAGUARDA
2020,287,25170,BELLAGUARDA
2022,1229,25047,BELLCAIRE D'URGELL
2021,1225,25047,BELLCAIRE D'URGELL
2020,1199,25047,BELLCAIRE D'URGELL
2022,2342,25048,BELL-LLOC D'URGELL
2021,2329,25048,BELL-LLOC D'URGELL
2020,2335,25048,BELL-LLOC D'URGELL
2022,178,25049,BELLMUNT D'URGELL
2021,182,25049,BELLMUNT D'URGELL
2020,185,25049,BELLMUNT D'URGELL
2022,5168,25050,BELLPUIG
2021,5151,25050,BELLPUIG
2020,5218,25050,BELLPUIG
2022,2176,25051,BELLVER DE CERDANYA
2021,2135,25051,BELLVER DE CERDANYA
2020,2005,25051,BELLVER DE CERDANYA
2022,2243,25052,BELLVÍS
2021,2258,25052,BELLVÍS
2020,2260,25052,BELLVÍS
2022,1563,25053,BENAVENT DE SEGRIÀ
2021,1533,25053,BENAVENT DE SEGRIÀ
2020,1518,25053,BENAVENT DE SEGRIÀ
2022,182,25055,BIOSCA
2021,178,25055,BIOSCA
2020,177,25055,BIOSCA
2022,282,25057,BÒRDES, ES
2021,285,25057,BÒRDES, ES
2020,255,25057,BÒRDES, ES
2022,6248,25058,LES BORGUES BLANQUES
2021,6195,25058,LES BORGUES BLANQUES
2020,6173,25058,LES BORGUES BLANQUES
2022,1121,25059,BOSSÒST
2021,1120,25059,BOSSÒST
2020,1115,25059,BOSSÒST
2022,263,25056,BOVERA
2021,261,25056,BOVERA
2020,248,25056,BOVERA
2022,62,25060,CABANABONA
2021,60,25060,CABANABONA
2020,71,25060,CABANABONA
2022,98,25061,CABÓ
2021,94,25061,CABÓ
2020,93,25061,CABÓ
2022,786,25062,CAMARASA
2021,807,25062,CAMARASA
2020,810,25062,CAMARASA
2022,92,25063,CANEJAN
2021,89,25063,CANEJAN
2020,89,25063,CANEJAN
2022,171,25904,CASTELL DE MUR
2021,169,25904,CASTELL DE MUR
2020,173,25904,CASTELL DE MUR
2022,135,25064,CASTELLAR DE LA RIBERA
2021,136,25064,CASTELLAR DE LA RIBERA
2020,131,25064,CASTELLAR DE LA RIBERA
2022,895,25067,CASTELLDANS
2021,900,25067,CASTELLDANS
2020,930,25067,CASTELLDANS
2022,715,25068,CASTELLNOU DE SEANA
2021,692,25068,CASTELLNOU DE SEANA
2020,665,25068,CASTELLNOU DE SEANA
2022,508,25069,CASTELLÓ DE FARFANYA
2021,529,25069,CASTELLÓ DE FARFANYA
2020,539,25069,CASTELLÓ DE FARFANYA
2022,961,25070,CASTELLSERÀ
2021,976,25070,CASTELLSERÀ
2020,996,25070,CASTELLSERÀ
2022,51,25071,CAVA
2021,46,25071,CAVA
2020,45,25071,CAVA
2022,9393,25072,CERVERA
2021,9328,25072,CERVERA
2020,9350,25072,CERVERA
2022,642,25073,CERVIÀ DE LES GARRIGUES
2021,665,25073,CERVIÀ DE LES GARRIGUES
2020,662,25073,CERVIÀ DE LES GARRIGUES
2022,190,25074,CIUTADILLA
2021,202,25074,CIUTADILLA
2020,208,25074,CIUTADILLA
2022,162,25075,CLARIANA DE CARDENER
2021,158,25075,CLARIANA DE CARDENER
2020,161,25075,CLARIANA DE CARDENER
2022,151,25076,COGUL, EL
2021,143,25076,COGUL, EL
2020,151,25076,COGUL, EL
2022,548,25077,COLL DE NARGÓ
2021,548,25077,COLL DE NARGÓ
2020,540,25077,COLL DE NARGÓ
2022,278,25163,COMA I LA PEDRA, LA
2021,277,25163,COMA I LA PEDRA, LA
2020,255,25163,COMA I LA PEDRA, LA
2022,427,25161,CONCA DE DALT
2021,421,25161,CONCA DE DALT
2020,410,25161,CONCA DE DALT
2022,1462,25078,CORBINS
2021,1499,25078,CORBINS
2020,1462,25078,CORBINS
2022,356,25079,CUBELLS
2021,357,25079,CUBELLS
2020,338,25079,CUBELLS
2022,331,25081,ESPLUGA CALBA, L'
2021,328,25081,ESPLUGA CALBA, L'
2020,329,25081,ESPLUGA CALBA, L'
2022,377,25082,ESPOT
2021,366,25082,ESPOT
2020,366,25082,ESPOT
2022,128,25088,ESTAMARIU
2021,129,25088,ESTAMARIU
2020,125,25088,ESTAMARIU
2022,169,25085,ESTARÀS
2021,172,25085,ESTARÀS
2020,156,25085,ESTARÀS
2022,841,25086,ESTERRI D'ÀNEU
2021,832,25086,ESTERRI D'ÀNEU
2020,804,25086,ESTERRI D'ÀNEU
2022,62,25087,ESTERRI DE CARDÓS
2021,64,25087,ESTERRI DE CARDÓS
2020,64,25087,ESTERRI DE CARDÓS
2022,121,25089,FARRERA
2021,116,25089,FARRERA
2020,108,25089,FARRERA
2022,266,25908,FÍGOLS I ALINYÀ
2021,260,25908,FÍGOLS I ALINYÀ
2020,244,25908,FÍGOLS I ALINYÀ
2022,154,25092,FLORESTA, LA
2021,145,25092,FLORESTA, LA
2020,140,25092,FLORESTA, LA
2022,778,25093,FONDARELLA
2021,781,25093,FONDARELLA
2020,776,25093,FONDARELLA
2022,191,25094,FORADADA
2021,195,25094,FORADADA
2020,203,25094,FORADADA
2022,1238,25096,FULIOLA, LA
2021,1247,25096,FULIOLA, LA
2020,1250,25096,FULIOLA, LA
2022,98,25097,FULLEDA
2021,101,25097,FULLEDA
2020,102,25097,FULLEDA
2022,261,25098,GAVET DE LA CONCA
2021,262,25098,GAVET DE LA CONCA
2020,261,25098,GAVET DE LA CONCA
2022,1109,25912,GIMENELLS I EL PLA DE LA FONT
2021,1118,25912,GIMENELLS I EL PLA DE LA FONT
2020,1120,25912,GIMENELLS I EL PLA DE LA FONT
2022,1893,25099,GOLMÉS
2021,1855,25099,GOLMÉS
2020,1855,25099,GOLMÉS
2022,233,25100,GÓSOL
2021,232,25100,GÓSOL
2020,206,25100,GÓSOL
2022,724,25101,GRANADELLA, LA
2021,705,25101,GRANADELLA, LA
2020,716,25101,GRANADELLA, LA
2022,923,25102,GRANJA D'ESCARP, LA
2021,931,25102,GRANJA D'ESCARP, LA
2020,922,25102,GRANJA D'ESCARP, LA
2022,136,25103,GRANYANELLA
2021,145,25103,GRANYANELLA
2020,143,25103,GRANYANELLA
2022,147,25105,GRANYENA DE LES GARRIGUES
2021,154,25105,GRANYENA DE LES GARRIGUES
2020,140,25105,GRANYENA DE LES GARRIGUES
2022,157,25104,GRANYENA DE SEGARRA
2021,159,25104,GRANYENA DE SEGARRA
2020,151,25104,GRANYENA DE SEGARRA
2022,261,25109,GUIMERÀ
2021,263,25109,GUIMERÀ
2020,271,25109,GUIMERÀ
2022,298,25903,GUINGUETA D'ÀNEU, LA
2021,300,25903,GUINGUETA D'ÀNEU, LA
2020,289,25903,GUINGUETA D'ÀNEU, LA
2022,7390,25110,GUISSONA
2021,7291,25110,GUISSONA
2020,7248,25110,GUISSONA
2022,132,25111,GUIXERS
2021,126,25111,GUIXERS
2020,132,25111,GUIXERS
2022,1057,25115,ISONA I CONCA DELLÀ
2021,1060,25115,ISONA I CONCA DELLÀ
2020,1042,25115,ISONA I CONCA DELLÀ
2022,327,25112,IVARS DE NOGUERA
2021,335,25112,IVARS DE NOGUERA
2020,332,25112,IVARS DE NOGUERA
2022,1560,25113,IVARS D'URGELL
2021,1553,25113,IVARS D'URGELL
2020,1537,25113,IVARS D'URGELL
2022,100,25114,IVORRA
2021,110,25114,IVORRA
2020,108,25114,IVORRA
2022,105,25910,JOSA I TUIXÉN
2021,100,25910,JOSA I TUIXÉN
2020,103,25910,JOSA I TUIXÉN
2022,401,25118,JUNCOSA
2021,397,25118,JUNCOSA
2020,395,25118,JUNCOSA
2022,3558,25119,JUNEDA
2021,3569,25119,JUNEDA
2020,3501,25119,JUNEDA
2022,970,25121,LES
2021,966,25121,LES
2020,971,25121,LES
2022,2723,25122,LINYOLA
2021,2724,25122,LINYOLA
2020,2717,25122,LINYOLA
2022,254,25123,LLADORRE
2021,244,25123,LLADORRE
2020,237,25123,LLADORRE
2022,190,25124,LLADURS
2021,187,25124,LLADURS
2020,180,25124,LLADURS
2022,421,25125,LLARDECANS
2021,429,25125,LLARDECANS
2020,444,25125,LLARDECANS
2022,343,25126,LLAVORSÍ
2021,345,25126,LLAVORSÍ
2020,346,25126,LLAVORSÍ
2022,140797,25120,LLEIDA
2021,140080,25120,LLEIDA
2020,140403,25120,LLEIDA
2022,286,25127,LLES DE CERDANYA
2021,288,25127,LLES DE CERDANYA
2020,270,25127,LLES DE CERDANYA
2022,146,25128,LLIMIANA
2021,155,25128,LLIMIANA
2020,146,25128,LLIMIANA
2022,202,25129,LLOBERA
2021,187,25129,LLOBERA
2020,188,25129,LLOBERA
2022,911,25133,MAIALS
2021,926,25133,MAIALS
2020,909,25133,MAIALS
2022,234,25130,MALDÀ
2021,237,25130,MALDÀ
2020,227,25130,MALDÀ
2022,589,25131,MASSALCOREIG
2021,599,25131,MASSALCOREIG
2020,610,25131,MASSALCOREIG
2022,220,25132,MASSOTERES
2021,223,25132,MASSOTERES
2020,212,25132,MASSOTERES
2022,774,25134,MENÀRGUENS
2021,789,25134,MENÀRGUENS
2020,813,25134,MENÀRGUENS
2022,1364,25135,MIRALCAMP
2021,1366,25135,MIRALCAMP
2020,1385,25135,MIRALCAMP
2022,14730,25137,MOLLERUSSA
2021,14545,25137,MOLLERUSSA
2020,14649,25137,MOLLERUSSA
2022,99,25136,MOLSOSA, LA
2021,102,25136,MOLSOSA, LA
2020,104,25136,MOLSOSA, LA
2022,615,25139,MONTELLÀ I MARTINET
2021,596,25139,MONTELLÀ I MARTINET
2020,578,25139,MONTELLÀ I MARTINET
2022,1083,25140,MONTFERRER I CASTELLBÒ
2021,1081,25140,MONTFERRER I CASTELLBÒ
2020,1034,25140,MONTFERRER I CASTELLBÒ
2022,647,25138,MONTGAI
2021,655,25138,MONTGAI
2020,643,25138,MONTGAI
2022,494,25142,MONTOLIU DE LLEIDA
2021,493,25142,MONTOLIU DE LLEIDA
2020,483,25142,MONTOLIU DE LLEIDA
2022,180,25141,MONTOLIU DE SEGARRA
2021,191,25141,MONTOLIU DE SEGARRA
2020,187,25141,MONTOLIU DE SEGARRA
2022,92,25143,MONTORNÈS DE SEGARRA
2021,91,25143,MONTORNÈS DE SEGARRA
2020,96,25143,MONTORNÈS DE SEGARRA
2022,95,25145,NALEC
2021,88,25145,NALEC
2020,90,25145,NALEC
2022,1923,25025,NAUT ARAN
2021,1941,25025,NAUT ARAN
2020,1836,25025,NAUT ARAN
2022,305,25146,NAVÈS
2021,293,25146,NAVÈS
2020,284,25146,NAVÈS
2022,252,25148,ODÈN
2021,253,25148,ODÈN
2020,258,25148,ODÈN
2022,1849,25149,OLIANA
2021,1857,25149,OLIANA
2020,1843,25149,OLIANA
2022,196,25150,OLIOLA
2021,201,25150,OLIOLA
2020,203,25150,OLIOLA
2022,985,25151,OLIUS
2021,962,25151,OLIUS
2020,981,25151,OLIUS
2022,166,25152,OLUGES, LES
2021,169,25152,OLUGES, LES
2020,171,25152,OLUGES, LES
2022,198,25153,OMELLONS, ELS
2021,202,25153,OMELLONS, ELS
2020,206,25153,OMELLONS, ELS
2022,127,25154,OMELLS DE NA GAIA, ELS
2021,127,25154,OMELLS DE NA GAIA, ELS
2020,130,25154,OMELLS DE NA GAIA, ELS
2022,796,25155,ORGANYÀ
2021,766,25155,ORGANYÀ
2020,771,25155,ORGANYÀ
2022,1046,25156,OS DE BALAGUER
2021,1000,25156,OS DE BALAGUER
2020,980,25156,OS DE BALAGUER
2022,193,25157,OSSÓ DE SIÓ
2021,196,25157,OSSÓ DE SIÓ
2020,203,25157,OSSÓ DE SIÓ
2022,2191,25158,EL PALAU D'ANGLESOLA
2021,2205,25158,EL PALAU D'ANGLESOLA
2020,2166,25158,EL PALAU D'ANGLESOLA
2022,430,25164,PENELLES
2021,443,25164,PENELLES
2020,436,25164,PENELLES
2022,348,25165,PERAMOLA
2021,348,25165,PERAMOLA
2020,347,25165,PERAMOLA
2022,190,25166,PINELL DE SOLSONÈS
2021,188,25166,PINELL DE SOLSONÈS
2020,193,25166,PINELL DE SOLSONÈS
2022,291,25167,PINÓS
2021,290,25167,PINÓS
2020,286,25167,PINÓS
2022,490,25911,PLANS DE SIÓ, ELS
2021,503,25911,PLANS DE SIÓ, ELS
2020,491,25911,PLANS DE SIÓ, ELS
2022,667,25168,POAL, EL
2021,667,25168,POAL, EL
2020,670,25168,POAL, EL
2022,209,25169,POBLA DE CÉRVOLES, LA
2021,198,25169,POBLA DE CÉRVOLES, LA
2020,189,25169,POBLA DE CÉRVOLES, LA
2022,3055,25171,POBLA DE SEGUR, LA
2021,3050,25171,POBLA DE SEGUR, LA
2020,3043,25171,POBLA DE SEGUR, LA
2022,163,25030,PONT DE BAR, EL
2021,174,25030,PONT DE BAR, EL
2020,152,25030,PONT DE BAR, EL
2022,2336,25173,EL PONT DE SUERT
2021,2331,25173,EL PONT DE SUERT
2020,2257,25173,EL PONT DE SUERT
2022,2661,25172,PONTS
2021,2629,25172,PONTS
2020,2644,25172,PONTS
2022,718,25174,PORTELLA, LA
2021,727,25174,PORTELLA, LA
2020,743,25174,PORTELLA, LA
2022,260,25175,PRATS I SANSOR
2021,251,25175,PRATS I SANSOR
2020,222,25175,PRATS I SANSOR
2022,404,25176,PREIXANA
2021,391,25176,PREIXANA
2020,387,25176,PREIXANA
2022,422,25177,PREIXENS
2021,421,25177,PREIXENS
2020,418,25177,PREIXENS
2022,264,25179,PRULLANS
2021,246,25179,PRULLANS
2020,226,25179,PRULLANS
2022,257,25180,PUIGGRÒS
2021,265,25180,PUIGGRÒS
2020,278,25180,PUIGGRÒS
2022,253,25181,PUIGVERD D'AGRAMUNT
2021,230,25181,PUIGVERD D'AGRAMUNT
2020,229,25181,PUIGVERD D'AGRAMUNT
2022,1398,25182,PUIGVERD DE LLEIDA
2021,1384,25182,PUIGVERD DE LLEIDA
2020,1349,25182,PUIGVERD DE LLEIDA
2022,675,25183,RIALP
2021,658,25183,RIALP
2020,641,25183,RIALP
2022,441,25905,RIBERA D'ONDARA
2021,431,25905,RIBERA D'ONDARA
2020,433,25905,RIBERA D'ONDARA
2022,920,25185,RIBERA D'URGELLET
2021,947,25185,RIBERA D'URGELLET
2020,932,25185,RIBERA D'URGELLET
2022,280,25186,RINER
2021,281,25186,RINER
2020,263,25186,RINER
2022,100,25913,RIU DE CERDANYA
2021,93,25913,RIU DE CERDANYA
2020,93,25913,RIU DE CERDANYA
2022,3278,25189,ROSSELLÓ
2021,3186,25189,ROSSELLÓ
2020,3237,25189,ROSSELLÓ
2022,345,25190,SALÀS DE PALLARS
2021,343,25190,SALÀS DE PALLARS
2020,327,25190,SALÀS DE PALLARS
2022,392,25191,SANAÜJA
2021,396,25191,SANAÜJA
2020,379,25191,SANAÜJA
2022,123,25196,SANT ESTEVE DE LA SARGA
2021,122,25196,SANT ESTEVE DE LA SARGA
2020,122,25196,SANT ESTEVE DE LA SARGA
2022,1120,25192,SANT GUIM DE FREIXENET
2021,1059,25192,SANT GUIM DE FREIXENET
2020,1037,25192,SANT GUIM DE FREIXENET
2022,182,25197,SANT GUIM DE LA PLANA
2021,184,25197,SANT GUIM DE LA PLANA
2020,181,25197,SANT GUIM DE LA PLANA
2022,1000,25193,SANT LLORENÇ DE MORUNYS
2021,985,25193,SANT LLORENÇ DE MORUNYS
2020,960,25193,SANT LLORENÇ DE MORUNYS
2022,646,25902,SANT MARTÍ DE RIUCORB
2021,649,25902,SANT MARTÍ DE RIUCORB
2020,639,25902,SANT MARTÍ DE RIUCORB
2022,480,25194,SANT RAMON
2021,497,25194,SANT RAMON
2020,487,25194,SANT RAMON
2022,113,25201,SARROCA DE BELLERA
2021,120,25201,SARROCA DE BELLERA
2020,116,25201,SARROCA DE BELLERA
2022,365,25200,SARROCA DE LLEIDA
2021,357,25200,SARROCA DE LLEIDA
2020,358,25200,SARROCA DE LLEIDA
2022,161,25202,SENTERADA
2021,150,25202,SENTERADA
2020,139,25202,SENTERADA
2022,417,25035,SENTIU DE SIÓ, LA
2021,426,25035,SENTIU DE SIÓ, LA
2020,414,25035,SENTIU DE SIÓ, LA
2022,1890,25204,SERÒS
2021,1923,25204,SERÒS
2020,1946,25204,SERÒS
2022,12261,25203,LA SEU D'URGELL
2021,12252,25203,LA SEU D'URGELL
2020,12206,25203,LA SEU D'URGELL
2022,759,25205,SIDAMON
2021,755,25205,SIDAMON
2020,748,25205,SIDAMON
2022,330,25206,SOLERÀS, EL
2021,337,25206,SOLERÀS, EL
2020,332,25206,SOLERÀS, EL
2022,9131,25207,SOLSONA
2021,9175,25207,SOLSONA
2020,9137,25207,SOLSONA
2022,429,25208,SORIGUERA
2021,431,25208,SORIGUERA
2020,420,25208,SORIGUERA
2022,2192,25209,SORT
2021,2181,25209,SORT
2020,2154,25209,SORT
2022,1784,25210,SOSES
2021,1781,25210,SOSES
2020,1761,25210,SOSES
2022,873,25211,SUDANELL
2021,844,25211,SUDANELL
2020,840,25211,SUDANELL
2022,332,25212,SUNYER
2021,334,25212,SUNYER
2020,343,25212,SUNYER
2022,562,25215,TALARN
2021,489,25215,TALARN
2020,595,25215,TALARN
2022,291,25216,TALAVERA
2021,287,25216,TALAVERA
2020,279,25216,TALAVERA
2022,17810,25217,TÀRREGA
2021,17649,25217,TÀRREGA
2020,17445,25217,TÀRREGA
2022,105,25218,TARRÉS
2021,105,25218,TARRÉS
2020,102,25218,TARRÉS
2022,175,25219,TARROJA DE SEGARRA
2021,187,25219,TARROJA DE SEGARRA
2020,188,25219,TARROJA DE SEGARRA
2022,1363,25220,TÉRMENS
2021,1330,25220,TÉRMENS
2020,1360,25220,TÉRMENS
2022,132,25221,TÍRVIA
2021,131,25221,TÍRVIA
2020,134,25221,TÍRVIA
2022,71,25222,TIURANA
2021,73,25222,TIURANA
2020,77,25222,TIURANA
2022,1224,25223,TORÀ
2021,1209,25223,TORÀ
2020,1237,25223,TORÀ
2022,149,25224,TORMS, ELS
2021,145,25224,TORMS, ELS
2020,138,25224,TORMS, ELS
2022,847,25225,TORNABOUS
2021,826,25225,TORNABOUS
2020,822,25225,TORNABOUS
2022,764,25227,TORRE DE CABDELLA, LA
2021,765,25227,TORRE DE CABDELLA, LA
2020,759,25227,TORRE DE CABDELLA, LA
2022,300,25226,TORREBESSES
2021,298,25226,TORREBESSES
2020,267,25226,TORREBESSES
2022,4730,25228,TORREFARRERA
2021,4702,25228,TORREFARRERA
2020,4694,25228,TORREFARRERA
2022,621,25907,TORREFETA I FLOREJACS
2021,602,25907,TORREFETA I FLOREJACS
2020,607,25907,TORREFETA I FLOREJACS
2022,2155,25230,TORREGROSSA
2021,2157,25230,TORREGROSSA
2020,2179,25230,TORREGROSSA
2022,765,25231,TORRELAMEU
2021,759,25231,TORRELAMEU
2020,735,25231,TORRELAMEU
2022,2248,25232,TORRES DE SEGRE
2021,2381,25232,TORRES DE SEGRE
2020,2366,25232,TORRES DE SEGRE
2022,387,25233,TORRE-SERONA
2021,383,25233,TORRE-SERONA
2020,398,25233,TORRE-SERONA
2022,5847,25234,TREMP
2021,5893,25234,TREMP
2020,5911,25234,TREMP
2022,1090,25043,VALL DE BOÍ, LA
2021,1060,25043,VALL DE BOÍ, LA
2020,1019,25043,VALL DE BOÍ, LA
2022,386,25901,VALL DE CARDÓS
2021,382,25901,VALL DE CARDÓS
2020,350,25901,VALL DE CARDÓS
2022,227,25238,VALLBONA DE LES MONGES
2021,236,25238,VALLBONA DE LES MONGES
2020,243,25238,VALLBONA DE LES MONGES
2022,1935,25240,VALLFOGONA DE BALAGUER
2021,1912,25240,VALLFOGONA DE BALAGUER
2020,1906,25240,VALLFOGONA DE BALAGUER
2022,274,25906,VALLS D'AGUILAR, LES
2021,264,25906,VALLS D'AGUILAR, LES
2020,245,25906,VALLS D'AGUILAR, LES
2022,794,25239,LES VALLS DE VALIRA
2021,800,25239,LES VALLS DE VALIRA
2020,784,25239,LES VALLS DE VALIRA
2022,166,25909,VANSA I FÓRNOLS, LA
2021,156,25909,VANSA I FÓRNOLS, LA
2020,149,25909,VANSA I FÓRNOLS, LA
2022,851,25242,VERDÚ
2021,880,25242,VERDÚ
2020,902,25242,VERDÚ
2022,5581,25243,VIELHA E MIJARAN
2021,5674,25243,VIELHA E MIJARAN
2020,5611,25243,VIELHA E MIJARAN
2022,605,25244,VILAGRASSA
2021,587,25244,VILAGRASSA
2020,560,25244,VILAGRASSA
2022,532,25245,VILALLER
2021,554,25245,VILALLER
2020,549,25245,VILALLER
2022,172,25247,VILAMÒS
2021,164,25247,VILAMÒS
2020,178,25247,VILAMÒS
2022,1179,25248,VILANOVA DE BELLPUIG
2021,1178,25248,VILANOVA DE BELLPUIG
2020,1183,25248,VILANOVA DE BELLPUIG
2022,1110,25254,VILANOVA DE LA BARCA
2021,1127,25254,VILANOVA DE LA BARCA
2020,1088,25254,VILANOVA DE LA BARCA
2022,200,25249,VILANOVA DE L'AGUDA
2021,194,25249,VILANOVA DE L'AGUDA
2020,200,25249,VILANOVA DE L'AGUDA
2022,413,25250,VILANOVA DE MEIÀ
2021,427,25250,VILANOVA DE MEIÀ
2020,415,25250,VILANOVA DE MEIÀ
2022,1021,25251,VILANOVA DE SEGRIÀ
2021,1000,25251,VILANOVA DE SEGRIÀ
2020,985,25251,VILANOVA DE SEGRIÀ
2022,767,25252,VILA-SANA
2021,761,25252,VILA-SANA
2020,734,25252,VILA-SANA
2022,195,25253,VILOSELL, EL
2021,192,25253,VILOSELL, EL
2020,173,25253,VILOSELL, EL
2022,465,25255,VINAIXA
2021,464,25255,VINAIXA
2020,450,25255,VINAIXA
2022,961,43001,AIGUAMÚRCIA
2021,960,43001,AIGUAMÚRCIA
2020,930,43001,AIGUAMÚRCIA
2022,2581,43002,ALBINYANA
2021,2504,43002,ALBINYANA
2020,2468,43002,ALBINYANA
2022,528,43003,ALBIOL, L'
2021,515,43003,ALBIOL, L'
2020,500,43003,ALBIOL, L'
2022,9612,43004,ALCANAR
2021,9579,43004,ALCANAR
2020,9434,43004,ALCANAR
2022,5290,43005,ALCOVER
2021,5185,43005,ALCOVER
2020,5144,43005,ALCOVER
2022,4332,43904,ALDEA, L'
2021,4160,43904,ALDEA, L'
2020,4147,43904,ALDEA, L'
2022,862,43006,ALDOVER
2021,911,43006,ALDOVER
2020,905,43006,ALDOVER
2022,924,43007,ALEIXAR, L'
2021,912,43007,ALEIXAR, L'
2020,893,43007,ALEIXAR, L'
2022,359,43008,ALFARA DE CARLES
2021,376,43008,ALFARA DE CARLES
2020,376,43008,ALFARA DE CARLES
2022,1928,43009,ALFORJA
2021,1843,43009,ALFORJA
2020,1783,43009,ALFORJA
2022,496,43010,ALIÓ
2021,478,43010,ALIÓ
2020,458,43010,ALIÓ
2022,1334,43011,ALMOSTER
2021,1322,43011,ALMOSTER
2020,1341,43011,ALMOSTER
2022,5609,43012,ALTAFULLA
2021,5512,43012,ALTAFULLA
2020,5307,43012,ALTAFULLA
2022,7209,43013,AMETLLA DE MAR, L'
2021,7131,43013,AMETLLA DE MAR, L'
2020,6866,43013,AMETLLA DE MAR, L'
2022,3563,43906,AMPOLLA, L'
2021,3444,43906,AMPOLLA, L'
2020,3277,43906,AMPOLLA, L'
2022,21807,43014,AMPOSTA
2021,21317,43014,AMPOSTA
2020,21115,43014,AMPOSTA
2022,5604,43016,ARBOÇ, L'
2021,5625,43016,ARBOÇ, L'
2020,5609,43016,ARBOÇ, L'
2022,122,43015,ARBOLÍ
2021,126,43015,ARBOLÍ
2020,127,43015,ARBOLÍ
2022,126,43017,ARGENTERA, L'
2021,126,43017,ARGENTERA, L'
2020,117,43017,ARGENTERA, L'
2022,448,43018,ARNES
2021,441,43018,ARNES
2020,444,43018,ARNES
2022,1601,43019,ASCÓ
2021,1611,43019,ASCÓ
2020,1644,43019,ASCÓ
2022,3271,43020,BANYERES DEL PENEDÈS
2021,3280,43020,BANYERES DEL PENEDÈS
2020,3207,43020,BANYERES DEL PENEDÈS
2022,486,43021,BARBERÀ DE LA CONCA
2021,472,43021,BARBERÀ DE LA CONCA
2020,471,43021,BARBERÀ DE LA CONCA
2022,1863,43022,BATEA
2021,1879,43022,BATEA
2020,1901,43022,BATEA
2022,272,43023,BELLMUNT DEL PRIORAT
2021,281,43023,BELLMUNT DEL PRIORAT
2020,273,43023,BELLMUNT DEL PRIORAT
2022,2346,43024,BELLVEI
2021,2303,43024,BELLVEI
2020,2237,43024,BELLVEI
2022,739,43025,BENIFALLET
2021,741,43025,BENIFALLET
2020,723,43025,BENIFALLET
2022,1169,43026,BENISSANET
2021,1129,43026,BENISSANET
2020,1140,43026,BENISSANET
2022,219,43027,BISBAL DE FALSET, LA
2021,218,43027,BISBAL DE FALSET, LA
2020,211,43027,BISBAL DE FALSET, LA
2022,4062,43028,LA BISBAL DEL PENEDÉS
2021,3830,43028,LA BISBAL DEL PENEDÉS
2020,3631,43028,LA BISBAL DEL PENEDÉS
2022,394,43029,BLANCAFORT
2021,398,43029,BLANCAFORT
2020,382,43029,BLANCAFORT
2022,742,43030,BONASTRE
2021,727,43030,BONASTRE
2020,685,43030,BONASTRE
2022,2148,43031,BORGES DEL CAMP, LES
2021,2104,43031,BORGES DEL CAMP, LES
2020,2056,43031,BORGES DEL CAMP, LES
2022,566,43032,BOT
2021,566,43032,BOT
2020,554,43032,BOT
2022,1102,43033,BOTARELL
2021,1094,43033,BOTARELL
2020,1077,43033,BOTARELL
2022,687,43034,BRÀFIM
2021,695,43034,BRÀFIM
2020,695,43034,BRÀFIM
2022,304,43035,CABACÉS
2021,312,43035,CABACÉS
2020,302,43035,CABACÉS
2022,1254,43036,CABRA DEL CAMP
2021,1230,43036,CABRA DEL CAMP
2020,1175,43036,CABRA DEL CAMP
2022,29102,43037,CALAFELL
2021,28463,43037,CALAFELL
2020,27601,43037,CALAFELL
2022,3309,43903,CAMARLES
2021,3220,43903,CAMARLES
2020,3194,43903,CAMARLES
2022,35675,43038,CAMBRILS
2021,35064,43038,CAMBRILS
2020,34734,43038,CAMBRILS
2022,5873,43907,CANONJA, LA
2021,5933,43907,CANONJA, LA
2020,5956,43907,CANONJA, LA
2022,121,43039,CAPAFONTS
2021,125,43039,CAPAFONTS
2020,111,43039,CAPAFONTS
2022,407,43040,CAPÇANES
2021,394,43040,CAPÇANES
2020,392,43040,CAPÇANES
2022,233,43041,CASERES
2021,226,43041,CASERES
2020,237,43041,CASERES
2022,2946,43042,CASTELLVELL DEL CAMP
2021,2873,43042,CASTELLVELL DEL CAMP
2020,2828,43042,CASTELLVELL DEL CAMP
2022,4921,43043,CATLLAR, EL
2021,4740,43043,CATLLAR, EL
2020,4557,43043,CATLLAR, EL
2022,172,43045,COLLDEJOU
2021,167,43045,COLLDEJOU
2020,168,43045,COLLDEJOU
2022,109,43046,CONESA
2021,106,43046,CONESA
2020,100,43046,CONESA
2022,6685,43047,CONSTANTÍ
2021,6724,43047,CONSTANTÍ
2020,6665,43047,CONSTANTÍ
2022,993,43048,CORBERA D'EBRE
2021,981,43048,CORBERA D'EBRE
2020,1003,43048,CORBERA D'EBRE
2022,978,43049,CORNUDELLA DE MONTSANT
2021,965,43049,CORNUDELLA DE MONTSANT
2020,944,43049,CORNUDELLA DE MONTSANT
2022,3981,43050,CREIXELL
2021,3912,43050,CREIXELL
2020,3758,43050,CREIXELL
2022,14622,43051,CUNIT
2021,14081,43051,CUNIT
2020,13533,43051,CUNIT
2022,11656,43901,DELTEBRE
2021,11539,43901,DELTEBRE
2020,11578,43901,DELTEBRE
2022,232,43053,DUESAIGÜES
2021,234,43053,DUESAIGÜES
2020,244,43053,DUESAIGÜES
2022,3698,43054,ESPLUGA DE FRANCOLÍ, L'
2021,3717,43054,ESPLUGA DE FRANCOLÍ, L'
2020,3736,43054,ESPLUGA DE FRANCOLÍ, L'
2022,2740,43055,FALSET
2021,2724,43055,FALSET
2020,2735,43055,FALSET
2022,891,43056,FATARELLA, LA
2021,917,43056,FATARELLA, LA
2020,926,43056,FATARELLA, LA
2022,39,43057,FEBRÓ, LA
2021,41,43057,FEBRÓ, LA
2020,40,43057,FEBRÓ, LA
2022,123,43058,FIGUERA, LA
2021,117,43058,FIGUERA, LA
2020,114,43058,FIGUERA, LA
2022,332,43059,FIGUEROLA DEL CAMP
2021,336,43059,FIGUEROLA DEL CAMP
2020,329,43059,FIGUEROLA DEL CAMP
2022,3426,43060,FLIX
2021,3451,43060,FLIX
2020,3410,43060,FLIX
2022,48,43061,FORÈS
2021,48,43061,FORÈS
2020,43,43061,FORÈS
2022,388,43062,FREGINALS
2021,391,43062,FREGINALS
2020,385,43062,FREGINALS
2022,700,43063,GALERA, LA
2021,723,43063,GALERA, LA
2020,736,43063,GALERA, LA
2022,3100,43064,GANDESA
2021,3098,43064,GANDESA
2020,3096,43064,GANDESA
2022,527,43065,GARCIA
2021,535,43065,GARCIA
2020,527,43065,GARCIA
2022,196,43066,GARIDELLS, ELS
2021,198,43066,GARIDELLS, ELS
2020,190,43066,GARIDELLS, ELS
2022,790,43067,GINESTAR
2021,787,43067,GINESTAR
2020,764,43067,GINESTAR
2022,609,43068,GODALL
2021,614,43068,GODALL
2020,598,43068,GODALL
2022,236,43069,GRATALLOPS
2021,237,43069,GRATALLOPS
2020,237,43069,GRATALLOPS
2022,279,43070,GUIAMETS, ELS
2021,276,43070,GUIAMETS, ELS
2020,278,43070,GUIAMETS, ELS
2022,1154,43071,HORTA DE SANT JOAN
2021,1138,43071,HORTA DE SANT JOAN
2020,1146,43071,HORTA DE SANT JOAN
2022,104,43072,LLOAR, EL
2021,111,43072,LLOAR, EL
2020,105,43072,LLOAR, EL
2022,96,43073,LLORAC
2021,92,43073,LLORAC
2020,91,43073,LLORAC
2022,2393,43074,LLORENÇ DEL PENEDÈS
2021,2381,43074,LLORENÇ DEL PENEDÈS
2020,2395,43074,LLORENÇ DEL PENEDÈS
2022,593,43076,MARÇÀ
2021,612,43076,MARÇÀ
2020,600,43076,MARÇÀ
2022,107,43075,MARGALEF
2021,104,43075,MARGALEF
2020,106,43075,MARGALEF
2022,556,43077,MAS DE BARBERANS
2021,572,43077,MAS DE BARBERANS
2020,564,43077,MAS DE BARBERANS
2022,1129,43078,MASDENVERGE
2021,1109,43078,MASDENVERGE
2020,1071,43078,MASDENVERGE
2022,547,43079,MASLLORENÇ
2021,508,43079,MASLLORENÇ
2020,505,43079,MASLLORENÇ
2022,285,43080,MASÓ, LA
2021,283,43080,MASÓ, LA
2020,280,43080,MASÓ, LA
2022,859,43081,MASPUJOLS
2021,826,43081,MASPUJOLS
2020,823,43081,MASPUJOLS
2022,479,43082,MASROIG, EL
2021,499,43082,MASROIG, EL
2020,492,43082,MASROIG, EL
2022,189,43083,MILÀ, EL
2021,191,43083,MILÀ, EL
2020,190,43083,MILÀ, EL
2022,682,43084,MIRAVET
2021,685,43084,MIRAVET
2020,706,43084,MIRAVET
2022,296,43085,MOLAR, EL
2021,298,43085,MOLAR, EL
2020,291,43085,MOLAR, EL
2022,7410,43086,MONTBLANC
2021,7433,43086,MONTBLANC
2020,7379,43086,MONTBLANC
2022,3073,43088,MONTBRIÓ DEL CAMP
2021,2985,43088,MONTBRIÓ DEL CAMP
2020,2909,43088,MONTBRIÓ DEL CAMP
2022,419,43089,MONTFERRI
2021,397,43089,MONTFERRI
2020,403,43089,MONTFERRI
2022,1863,43090,MONTMELL, EL
2021,1730,43090,MONTMELL, EL
2020,1582,43090,MONTMELL, EL
2022,173,43091,MONT-RAL
2021,169,43091,MONT-RAL
2020,168,43091,MONT-RAL
2022,13101,43092,MONT-ROIG DEL CAMP
2021,12689,43092,MONT-ROIG DEL CAMP
2020,12460,43092,MONT-ROIG DEL CAMP
2022,5585,43093,MÓRA DEBRE
2021,5585,43093,MÓRA DEBRE
2020,5695,43093,MÓRA DEBRE
2022,3198,43094,MÓRA LA NOVA
2021,3120,43094,MÓRA LA NOVA
2020,3108,43094,MÓRA LA NOVA
2022,3803,43095,MORELL, EL
2021,3732,43095,MORELL, EL
2020,3742,43095,MORELL, EL
2022,160,43096,MORERA DE MONTSANT, LA
2021,163,43096,MORERA DE MONTSANT, LA
2020,159,43096,MORERA DE MONTSANT, LA
2022,636,43097,NOU DE GAIÀ, LA
2021,616,43097,NOU DE GAIÀ, LA
2020,600,43097,NOU DE GAIÀ, LA
2022,541,43098,NULLES
2021,516,43098,NULLES
2020,509,43098,NULLES
2022,4930,43100,ELS PALLARESOS
2021,4872,43100,ELS PALLARESOS
2020,4850,43100,ELS PALLARESOS
2022,341,43099,PALMA D'EBRE, LA
2021,334,43099,PALMA D'EBRE, LA
2020,338,43099,PALMA D'EBRE, LA
2022,170,43101,PASSANANT I BELLTALL
2021,167,43101,PASSANANT I BELLTALL
2020,155,43101,PASSANANT I BELLTALL
2022,566,43102,PAÜLS
2021,563,43102,PAÜLS
2020,545,43102,PAÜLS
2022,1292,43103,PERAFORT
2021,1275,43103,PERAFORT
2020,1264,43103,PERAFORT
2022,2885,43104,PERELLÓ, EL
2021,2846,43104,PERELLÓ, EL
2020,2826,43104,PERELLÓ, EL
2022,224,43105,PILES, LES
2021,218,43105,PILES, LES
2020,210,43105,PILES, LES
2022,1000,43106,PINELL DE BRAI, EL
2021,998,43106,PINELL DE BRAI, EL
2020,1008,43106,PINELL DE BRAI, EL
2022,489,43107,PIRA
2021,498,43107,PIRA
2020,503,43107,PIRA
2022,2340,43108,PLA DE SANTA MARIA, EL
2021,2340,43108,PLA DE SANTA MARIA, EL
2020,2348,43108,PLA DE SANTA MARIA, EL
2022,4052,43109,POBLA DE MAFUMET, LA
2021,4025,43109,POBLA DE MAFUMET, LA
2020,3971,43109,POBLA DE MAFUMET, LA
2022,340,43110,POBLA DE MASSALUCA, LA
2021,341,43110,POBLA DE MASSALUCA, LA
2020,317,43110,POBLA DE MASSALUCA, LA
2022,3101,43111,POBLA DE MONTORNÈS, LA
2021,2999,43111,POBLA DE MONTORNÈS, LA
2020,2884,43111,POBLA DE MONTORNÈS, LA
2022,327,43112,POBOLEDA
2021,328,43112,POBOLEDA
2020,321,43112,POBOLEDA
2022,492,43113,PONT D'ARMENTERA, EL
2021,493,43113,PONT D'ARMENTERA, EL
2020,488,43113,PONT D'ARMENTERA, EL
2022,133,43141,PONTILS
2021,138,43141,PONTILS
2020,122,43141,PONTILS
2022,429,43114,PORRERA
2021,428,43114,PORRERA
2020,424,43114,PORRERA
2022,172,43115,PRADELL DE LA TEIXETA
2021,164,43115,PRADELL DE LA TEIXETA
2020,158,43115,PRADELL DE LA TEIXETA
2022,625,43116,PRADES
2021,602,43116,PRADES
2020,588,43116,PRADES
2022,186,43117,PRAT DE COMTE
2021,186,43117,PRAT DE COMTE
2020,177,43117,PRAT DE COMTE
2022,693,43118,PRATDIP
2021,680,43118,PRATDIP
2020,726,43118,PRATDIP
2022,1199,43119,PUIGPELAT
2021,1196,43119,PUIGPELAT
2020,1163,43119,PUIGPELAT
2022,572,43120,QUEROL
2021,544,43120,QUEROL
2020,518,43120,QUEROL
2022,822,43121,RASQUERA
2021,846,43121,RASQUERA
2020,783,43121,RASQUERA
2022,152,43122,RENAU
2021,155,43122,RENAU
2020,162,43122,RENAU
2022,106741,43123,REUS
2021,106084,43123,REUS
2020,106168,43123,REUS
2022,552,43124,RIBA, LA
2021,575,43124,RIBA, LA
2020,585,43124,RIBA, LA
2022,1131,43125,RIBA-ROJA D'EBRE
2021,1117,43125,RIBA-ROJA D'EBRE
2020,1110,43125,RIBA-ROJA D'EBRE
2022,1752,43126,RIERA DE GAIÀ, LA
2021,1737,43126,RIERA DE GAIÀ, LA
2020,1742,43126,RIERA DE GAIÀ, LA
2022,1279,43127,RIUDECANYES
2021,1194,43127,RIUDECANYES
2020,1146,43127,RIUDECANYES
2022,1198,43128,RIUDECOLS
2021,1225,43128,RIUDECOLS
2020,1189,43128,RIUDECOLS
2022,6721,43129,RIUDOMS
2021,6617,43129,RIUDOMS
2020,6569,43129,RIUDOMS
2022,241,43130,ROCAFORT DE QUERALT
2021,230,43130,ROCAFORT DE QUERALT
2020,211,43130,ROCAFORT DE QUERALT
2022,7591,43131,RODA DE BERÀ
2021,7127,43131,RODA DE BERÀ
2020,6785,43131,RODA DE BERÀ
2022,506,43132,RODONYÀ
2021,507,43132,RODONYÀ
2020,494,43132,RODONYÀ
2022,8193,43133,ROQUETES
2021,8159,43133,ROQUETES
2020,8079,43133,ROQUETES
2022,395,43134,ROURELL, EL
2021,402,43134,ROURELL, EL
2020,372,43134,ROURELL, EL
2022,543,43135,SALOMÓ
2021,544,43135,SALOMÓ
2020,549,43135,SALOMÓ
2022,29028,43905,SALOU
2021,28512,43905,SALOU
2020,28526,43905,SALOU
2022,14767,43136,SANT CARLES DE LA RÀPITA
2021,14931,43136,SANT CARLES DE LA RÀPITA
2020,14953,43136,SANT CARLES DE LA RÀPITA
2022,2695,43137,SANT JAUME DELS DOMENYS
2021,2666,43137,SANT JAUME DELS DOMENYS
2020,2624,43137,SANT JAUME DELS DOMENYS
2022,3669,43902,SANT JAUME D'ENVEJA
2021,3552,43902,SANT JAUME D'ENVEJA
2020,3527,43902,SANT JAUME D'ENVEJA
2022,3791,43138,SANTA BÀRBARA
2021,3762,43138,SANTA BÀRBARA
2020,3715,43138,SANTA BÀRBARA
2022,2755,43139,SANTA COLOMA DE QUERALT
2021,2702,43139,SANTA COLOMA DE QUERALT
2020,2672,43139,SANTA COLOMA DE QUERALT
2022,3560,43140,SANTA OLIVA
2021,3450,43140,SANTA OLIVA
2020,3353,43140,SANTA OLIVA
2022,1578,43142,SARRAL
2021,1549,43142,SARRAL
2020,1538,43142,SARRAL
2022,52,43143,SAVALLÀ DEL COMTAT
2021,53,43143,SAVALLÀ DEL COMTAT
2020,53,43143,SAVALLÀ DEL COMTAT
2022,1765,43144,SECUITA, LA
2021,1728,43144,SECUITA, LA
2020,1708,43144,SECUITA, LA
2022,5696,43145,SELVA DEL CAMP, LA
2021,5694,43145,SELVA DEL CAMP, LA
2020,5683,43145,SELVA DEL CAMP, LA
2022,44,43146,SENAN
2021,42,43146,SENAN
2020,44,43146,SENAN
2022,5475,43044,SÉNIA, LA
2021,5530,43044,SÉNIA, LA
2020,5640,43044,SÉNIA, LA
2022,628,43147,SOLIVELLA
2021,640,43147,SOLIVELLA
2020,632,43147,SOLIVELLA
2022,134883,43148,TARRAGONA
2021,135436,43148,TARRAGONA
2020,136496,43148,TARRAGONA
2022,923,43149,TIVENYS
2021,900,43149,TIVENYS
2020,902,43149,TIVENYS
2022,1643,43150,TIVISSA
2021,1639,43150,TIVISSA
2020,1619,43150,TIVISSA
2022,125,43151,TORRE DE FONTAUBELLA, LA
2021,128,43151,TORRE DE FONTAUBELLA, LA
2020,131,43151,TORRE DE FONTAUBELLA, LA
2022,598,43152,TORRE DE L'ESPANYOL, LA
2021,598,43152,TORRE DE L'ESPANYOL, LA
2020,601,43152,TORRE DE L'ESPANYOL, LA
2022,17256,43153,TORREDEMBARRA
2021,17057,43153,TORREDEMBARRA
2020,16567,43153,TORREDEMBARRA
2022,141,43154,TORROJA DEL PRIORAT
2021,141,43154,TORROJA DEL PRIORAT
2020,152,43154,TORROJA DEL PRIORAT
2022,33890,43155,TORTOSA
2021,33572,43155,TORTOSA
2020,33439,43155,TORTOSA
2022,6241,43156,ULLDECONA
2021,6317,43156,ULLDECONA
2020,6525,43156,ULLDECONA
2022,409,43157,ULLDEMOLINS
2021,400,43157,ULLDEMOLINS
2020,398,43157,ULLDEMOLINS
2022,88,43158,VALLCLARA
2021,91,43158,VALLCLARA
2020,88,43158,VALLCLARA
2022,89,43159,VALLFOGONA DE RIUCORB
2021,77,43159,VALLFOGONA DE RIUCORB
2020,77,43159,VALLFOGONA DE RIUCORB
2022,1882,43160,VALLMOLL
2021,1793,43160,VALLMOLL
2020,1774,43160,VALLMOLL
2022,24727,43161,VALLS
2021,24553,43161,VALLS
2020,24477,43161,VALLS
2022,6750,43162,VANDELLÒS I L'HOSPITALET DE L'INFANT
2021,6645,43162,VANDELLÒS I L'HOSPITALET DE L'INFANT
2020,6603,43162,VANDELLÒS I L'HOSPITALET DE L'INFANT
2022,39072,43163,EL VENDRELL
2021,38891,43163,EL VENDRELL
2020,38373,43163,EL VENDRELL
2022,496,43164,VESPELLA DE GAIÀ
2021,458,43164,VESPELLA DE GAIÀ
2020,417,43164,VESPELLA DE GAIÀ
2022,711,43165,VILABELLA
2021,705,43165,VILABELLA
2020,729,43165,VILABELLA
2022,634,43175,VILALBA DELS ARCS
2021,630,43175,VILALBA DELS ARCS
2020,621,43175,VILALBA DELS ARCS
2022,2398,43166,VILALLONGA DEL CAMP
2021,2385,43166,VILALLONGA DEL CAMP
2020,2405,43166,VILALLONGA DEL CAMP
2022,107,43168,VILANOVA DE PRADES
2021,108,43168,VILANOVA DE PRADES
2020,107,43168,VILANOVA DE PRADES
2022,594,43167,VILANOVA D'ESCORNALBOU
2021,582,43167,VILANOVA D'ESCORNALBOU
2020,565,43167,VILANOVA D'ESCORNALBOU
2022,540,43169,VILAPLANA
2021,536,43169,VILAPLANA
2020,555,43169,VILAPLANA
2022,1341,43170,VILA-RODONA
2021,1299,43170,VILA-RODONA
2020,1276,43170,VILA-RODONA
2022,22681,43171,VILA-SECA
2021,22522,43171,VILA-SECA
2020,22555,43171,VILA-SECA
2022,453,43172,VILAVERD
2021,445,43172,VILAVERD
2020,443,43172,VILAVERD
2022,136,43173,VILELLA ALTA, LA
2021,131,43173,VILELLA ALTA, LA
2020,133,43173,VILELLA ALTA, LA
2022,202,43174,VILELLA BAIXA, LA
2021,208,43174,VILELLA BAIXA, LA
2020,204,43174,VILELLA BAIXA, LA
2022,884,43176,VIMBODÍ I POBLET
2021,880,43176,VIMBODÍ I POBLET
2020,890,43176,VIMBODÍ I POBLET
2022,407,43177,VINEBRE
2021,427,43177,VINEBRE
2020,425,43177,VINEBRE
2022,2258,43178,VINYOLS I ELS ARCS
2021,2193,43178,VINYOLS I ELS ARCS
2020,2124,43178,VINYOLS I ELS ARCS
2022,1150,43052,XERTA
2021,1159,43052,XERTA
2020,1154,43052,XERTA
